;FLAVOR:Marlin
;TIME:487.30
;Filament used:0.78m
;Layer height:0.2
; HEADER_BLOCK_START
; generated by OrcaSlicer 2.4.1 on 2026-07-21 at 11:56:58
; total layer number: 15
; filament_density: 1.24
; filament_diameter: 1.75
; max_z_height: 3.00
; filament: 1
; HEADER_BLOCK_END

; external perimeters extrusion width = 0.42mm
; perimeters extrusion width = 0.45mm
; infill extrusion width = 0.45mm
; solid infill extrusion width = 0.42mm
; top infill extrusion width = 0.42mm
; first layer extrusion width = 0.46mm

; EXECUTABLE_BLOCK_START
M201 X2500 Y2500 Z500 E5000
M203 X250 Y250 Z5 E40
M204 P2500 R500 T2500 ; sets acceleration (P, T) and retract acceleration (R), mm/sec^2
M205 X10.00 Y10.00 Z0.40 E5.00 ; sets the jerk limits, mm/sec
M205 J0.100
;TYPE:Custom
M220 S100 ;Reset Feedrate 
M221 S100 ;Reset Flowrate 
 
M104 S230 ;Set final nozzle temp 
M190 S80 ;Set and wait for bed temp to stabilize 
G28 ;Home 
G92 E0 ;Reset Extruder 
G1 Z2.0 F3000 ;Move Z Axis up 
G1 X-2.1 Y20 Z0.28 F5000.0 ;Move to start position 
M109 S230 ;Wait for nozzle temp to stabilize 
G1 X-2.1 Y145.0 Z0.28 F1500.0 E15 ;Draw the first line 
G1 X-2.4 Y145.0 Z0.28 F5000.0 ;Move to side a little 
G1 X-2.4 Y20 Z0.28 F1500.0 E30 ;Draw the second line 
G92 E0  ;Reset Extruder 
G1 E-1.0000 F1800 ;Retract a bit 
G1 Z2.0 F3000 ;Move Z Axis up 
G1 E0.0000 F1800
G90
G21
M83 ; use relative distances for extrusion
; filament start gcode
M106 S0
;LAYER_CHANGE
;Z:0.2
;HEIGHT:0.2
;BEFORE_LAYER_CHANGE
;0.2
G92 E0

G1 E-1.2 F2400
;_SET_FAN_SPEED_CHANGING_LAYER
M204 P500
; printing object prueba_base rueda loka.STL id:0 copy 0
M204 T2500
G1 X124.331 Y124.331 F9000
G1 Z.6
G1 Z.2
G1 E1.2 F1800
;TYPE:Inner wall
;WIDTH:0.459999
G1 X95.669 Y124.331 E.97416
G1 X95.669 Y95.669 E.97416
G1 X124.331 Y95.669 E.97416
G1 X124.331 Y124.291 E.9728
G1 X124.77 Y124.77 F9000
;TYPE:Outer wall
G1 F1800
G1 X95.23 Y124.77 E1.00397
G1 X95.23 Y95.23 E1.00397
G1 X124.77 Y95.23 E1.00397
G1 X124.77 Y124.73 E1.00261
G1 E-.84 F2400
;WIPE_START
G1 F1800
G1 X123.77 Y124.731 E-.36
;WIPE_END
G1 F9000
G1 X123.892 Y123.682 Z0.257143
G1 X124.788 Y123.124 Z0.314286
G1 X125.784 Y123.476 Z0.371429
G1 X126.129 Y124.474 Z0.428571
G1 X125.564 Y125.367 Z0.485714
G1 X124.514 Y125.481 Z0.542857
G1 X123.77 Y124.731 Z0.6
G1 X118.106 Y108.349 Z.6
G1 Z.2
G1 E1.2 F1800
;TYPE:Inner wall
G1 X117.613 Y108.377 E.01678
G1 X117.093 Y108.6 E.01921
G1 X116.728 Y108.928 E.01668
G1 X116.602 Y109.1 E.00727
G1 X116.391 Y109.565 E.01734
G1 X116.335 Y110.099 E.01824
G1 X116.421 Y110.521 E.01463
G1 X116.501 Y110.719 E.00727
G1 X116.787 Y111.143 E.01739
G1 X117.216 Y111.472 E.01838
G1 X117.752 Y111.65 E.0192
G1 X118.274 Y111.646 E.01774
G1 X118.809 Y111.459 E.01925
G1 X119.25 Y111.105 E.01923
G1 X119.501 Y110.717 E.01569
G1 X119.654 Y110.176 E.01911
G1 X119.663 Y109.965 E.00719
G1 X119.556 Y109.413 E.0191
G1 X119.272 Y108.928 E.0191
G1 X118.93 Y108.615 E.01574
G1 X118.521 Y108.42 E.01542
G1 X118.194 Y108.344 E.01139
G1 X118.146 Y108.347 E.00164
G1 X118.122 Y108.777 F9000
;TYPE:Outer wall
G1 F1800
G1 X118.12 Y108.776 E.00008
G1 X117.721 Y108.804 E.01359
G1 X117.339 Y108.965 E.0141
G1 X117.032 Y109.245 E.0141
G1 X116.851 Y109.583 E.01303
G1 X116.771 Y110.061 E.01647
G1 X116.849 Y110.428 E.01278
G1 X117.042 Y110.759 E.01299
G1 X117.374 Y111.056 E.01517
G1 X117.761 Y111.204 E.0141
G1 X118.176 Y111.215 E.01411
G1 X118.571 Y111.087 E.01411
G1 X118.901 Y110.835 E.01411
G1 X119.127 Y110.487 E.0141
G1 X119.225 Y110.084 E.01411
G1 X119.183 Y109.671 E.0141
G1 X119.006 Y109.296 E.01411
G1 X118.714 Y109.001 E.0141
G1 X118.34 Y108.82 E.01411
G1 X118.162 Y108.785 E.00618
G1 E-.84 F2400
;WIPE_START
G1 F1800
G1 X118.12 Y108.776 E-.01525
G1 X117.721 Y108.804 E-.14395
G1 X117.339 Y108.965 E-.14938
G1 X117.233 Y109.061 E-.05142
;WIPE_END
G1 F9000
G1 X116.304 Y108.559 Z0.257143
G1 X116.118 Y107.52 Z0.314286
G1 X116.814 Y106.726 Z0.371429
G1 X117.869 Y106.775 Z0.428571
G1 X118.488 Y107.631 Z0.485714
G1 X118.205 Y108.648 Z0.542857
G1 X117.233 Y109.061 Z0.6
G1 X102.192 Y108.355 Z.6
G1 Z.2
G1 E1.2 F1800
;TYPE:Inner wall
G1 X102.088 Y108.335 E.00358
G1 X101.586 Y108.383 E.01714
G1 X101.07 Y108.615 E.01924
G1 X100.728 Y108.928 E.01574
G1 X100.444 Y109.413 E.0191
G1 X100.337 Y109.965 E.0191
G1 X100.346 Y110.176 E.00719
G1 X100.499 Y110.717 E.0191
G1 X100.75 Y111.105 E.01569
G1 X101.191 Y111.459 E.01923
G1 X101.726 Y111.646 E.01925
G1 X102.317 Y111.638 E.02012
G1 X102.846 Y111.437 E.01921
G1 X103.255 Y111.1 E.01801
G1 X103.524 Y110.676 E.01708
G1 X103.654 Y110.176 E.01754
G1 X103.663 Y109.965 E.00719
G1 X103.577 Y109.459 E.01742
G1 X103.339 Y109.004 E.01747
G1 X102.965 Y108.64 E.01774
G1 X102.521 Y108.42 E.01685
G1 X102.231 Y108.363 E.01003
G1 X102.116 Y108.777 F9000
;TYPE:Outer wall
G1 F1800
G1 X101.721 Y108.804 E.01344
G1 X101.339 Y108.965 E.01411
G1 X101.032 Y109.245 E.0141
G1 X100.836 Y109.61 E.01411
G1 X100.775 Y110.084 E.01622
G1 X100.849 Y110.428 E.01198
G1 X101.058 Y110.787 E.01411
G1 X101.374 Y111.056 E.01411
G1 X101.761 Y111.204 E.01411
G1 X102.176 Y111.215 E.01411
G1 X102.571 Y111.087 E.01411
G1 X102.901 Y110.835 E.01411
G1 X103.11 Y110.516 E.01297
G1 X103.225 Y110.084 E.01519
G1 X103.185 Y109.686 E.01357
G1 X103.02 Y109.324 E.01351
G1 X102.714 Y109.001 E.01516
G1 X102.34 Y108.82 E.01411
G1 X102.155 Y108.783 E.0064
G1 E-.84 F2400
;WIPE_START
G1 F1800
G1 X101.721 Y108.804 E-.15636
G1 X101.339 Y108.965 E-.14941
G1 X101.227 Y109.067 E-.05423
;WIPE_END
G1 F9000
G1 X102.282 Y109.017 Z0.257143
G1 X102.979 Y109.811 Z0.314286
G1 X102.792 Y110.851 Z0.371429
G1 X101.863 Y111.353 Z0.428571
G1 X100.891 Y110.94 Z0.485714
G1 X100.608 Y109.922 Z0.542857
G1 X101.227 Y109.067 Z0.6
G1 X124.206 Y96.641 Z.6
G1 Z.2
G1 E1.2 F1800
;TYPE:Bottom surface
;WIDTH:0.462092
G1 X123.546 Y95.981 E.03188
G1 X122.954 Y95.981 E.02025
G1 X124.019 Y97.046 E.05144
G1 X124.019 Y97.639 E.02025
G1 X122.361 Y95.981 E.08008
G1 X121.768 Y95.981 E.02025
G1 X124.019 Y98.232 E.10872
G1 X124.019 Y98.825 E.02025
G1 X121.175 Y95.981 E.13735
G1 X120.582 Y95.981 E.02025
G1 X124.019 Y99.418 E.16599
G1 X124.019 Y100.01 E.02025
G1 X119.99 Y95.981 E.19462
G1 X119.397 Y95.981 E.02025
G1 X124.019 Y100.603 E.22326
G1 X124.019 Y101.196 E.02025
G1 X118.804 Y95.981 E.25189
G1 X118.211 Y95.981 E.02025
G1 X124.019 Y101.789 E.28053
G1 X124.019 Y102.382 E.02025
G1 X117.618 Y95.981 E.30916
G1 X117.026 Y95.981 E.02025
G1 X124.019 Y102.974 E.3378
G1 X124.019 Y103.567 E.02025
G1 X116.433 Y95.981 E.36644
G1 X115.84 Y95.981 E.02025
G1 X124.019 Y104.16 E.39507
G1 X124.019 Y104.753 E.02025
G1 X115.247 Y95.981 E.42371
G1 X114.654 Y95.981 E.02025
G1 X124.019 Y105.346 E.45234
G1 X124.019 Y105.938 E.02025
G1 X114.062 Y95.981 E.48098
G1 X113.469 Y95.981 E.02025
G1 X124.019 Y106.531 E.50961
G1 X124.019 Y107.124 E.02025
G1 X112.876 Y95.981 E.53825
G1 X112.283 Y95.981 E.02025
G1 X124.019 Y107.717 E.56688
G1 X124.019 Y108.31 E.02025
G1 X111.69 Y95.981 E.59552
G1 X111.098 Y95.981 E.02025
G1 X124.019 Y108.902 E.62415
G1 X124.019 Y109.495 E.02025
G1 X110.505 Y95.981 E.65279
G1 X109.912 Y95.981 E.02025
G1 X124.019 Y110.088 E.68143
G1 X124.019 Y110.681 E.02025
G1 X109.319 Y95.981 E.71006
G1 X108.726 Y95.981 E.02025
G1 X124.019 Y111.274 E.7387
G1 X124.019 Y111.866 E.02025
G1 X108.134 Y95.981 E.76733
G1 X107.541 Y95.981 E.02025
G1 X124.019 Y112.459 E.79597
G1 X124.019 Y113.052 E.02025
G1 X106.948 Y95.981 E.8246
G1 X106.355 Y95.981 E.02025
G1 X118.449 Y108.075 E.58419
G1 X118.533 Y108.091 E.00294
G1 X118.978 Y108.284 E.01655
G1 X119.227 Y108.452 E.01027
G1 X119.494 Y108.708 E.01265
G1 X119.673 Y108.949 E.01024
G1 X119.839 Y109.28 E.01265
G1 X119.921 Y109.547 E.00954
G1 X124.019 Y113.645 E.19793
G1 X124.019 Y114.238 E.02025
G1 X119.969 Y110.187 E.19564
G1 X119.855 Y110.666 E.01682
G1 X124.019 Y114.83 E.20114
G1 X124.019 Y115.423 E.02025
G1 X119.656 Y111.061 E.21073
G1 X119.577 Y111.189 E.00513
G1 X119.397 Y111.394 E.00934
G1 X124.019 Y116.016 E.22326
G1 X124.019 Y116.609 E.02025
G1 X119.065 Y111.655 E.2393
G1 X118.961 Y111.734 E.00448
G1 X118.664 Y111.847 E.01083
G1 X124.019 Y117.201 E.25867
G1 X124.019 Y117.794 E.02025
G1 X118.001 Y111.777 E.29068
G1 E-.84 F2400
;WIPE_START
G1 F1800
G1 X118.708 Y112.484 E-.36
;WIPE_END
G1 F9000
G1 X119.004 Y111.47 Z0.257143
G1 X119.981 Y111.069 Z0.314286
G1 X120.903 Y111.582 Z0.371429
G1 X121.077 Y112.624 Z0.428571
G1 X120.371 Y113.409 Z0.485714
G1 X119.317 Y113.347 Z0.542857
G1 X118.708 Y112.484 Z0.6
G1 X117.996 Y108.215 Z.6
G1 Z.2
G1 E1.2 F1800
G1 X105.763 Y95.981 E.59097
G1 X105.17 Y95.981 E.02025
G1 X117.332 Y108.144 E.58752
G1 X116.929 Y108.333 E.01522
G1 X104.577 Y95.981 E.59667
G1 X103.984 Y95.981 E.02025
G1 X116.611 Y108.608 E.60993
G1 X116.507 Y108.707 E.00488
G1 X116.341 Y108.931 E.00954
G1 X103.391 Y95.981 E.62554
G1 X102.799 Y95.981 E.02025
G1 X116.143 Y109.325 E.64459
G1 X116.072 Y109.574 E.00883
G1 X116.041 Y109.817 E.00837
G1 X102.206 Y95.981 E.66833
G1 X101.613 Y95.981 E.02025
G1 X116.094 Y110.463 E.69954
G1 X116.165 Y110.75 E.0101
G1 X116.512 Y111.31 E.02252
G1 X116.906 Y111.644 E.01765
G1 X117.078 Y111.754 E.00695
G1 X117.555 Y111.924 E.01732
G1 X124.019 Y118.387 E.31221
G1 X124.019 Y118.98 E.02025
G1 X101.02 Y95.981 E1.11096
G1 X100.427 Y95.981 E.02025
G1 X124.019 Y119.573 E1.13959
G1 X124.019 Y120.165 E.02025
G1 X99.835 Y95.981 E1.16823
G1 X99.242 Y95.981 E.02025
G1 X124.019 Y120.758 E1.19686
G1 X124.019 Y121.351 E.02025
G1 X98.649 Y95.981 E1.2255
G1 X98.056 Y95.981 E.02025
G1 X124.019 Y121.944 E1.25414
G1 X124.019 Y122.537 E.02025
G1 X97.463 Y95.981 E1.28277
G1 X96.871 Y95.981 E.02025
G1 X124.019 Y123.129 E1.31141
G1 X124.019 Y123.722 E.02025
G1 X96.278 Y95.981 E1.34004
G1 X95.981 Y95.981 E.01012
G1 X95.981 Y96.278 E.01013
G1 X123.722 Y124.019 E1.34004
G1 X123.129 Y124.019 E.02025
G1 X95.981 Y96.871 E1.3114
G1 X95.981 Y97.463 E.02025
G1 X122.537 Y124.019 E1.28277
G1 X121.944 Y124.019 E.02025
G1 X95.981 Y98.056 E1.25413
G1 X95.981 Y98.649 E.02025
G1 X121.351 Y124.019 E1.2255
G1 X120.758 Y124.019 E.02025
G1 X95.981 Y99.242 E1.19686
G1 X95.981 Y99.835 E.02025
G1 X120.165 Y124.019 E1.16823
G1 X119.573 Y124.019 E.02025
G1 X95.981 Y100.427 E1.13959
G1 X95.981 Y101.02 E.02025
G1 X118.98 Y124.019 E1.11096
G1 X118.387 Y124.019 E.02025
G1 X103.914 Y109.546 E.69911
G1 X103.894 Y109.414 E.00455
G1 X103.674 Y108.952 E.01748
G1 X103.544 Y108.759 E.00796
G1 X103.156 Y108.391 E.01828
G1 X102.975 Y108.283 E.00718
G1 X102.537 Y108.092 E.01632
G1 X102.447 Y108.078 E.00314
G1 X95.981 Y101.613 E.31231
G1 X95.981 Y102.206 E.02025
G1 X101.823 Y108.047 E.28218
G1 X101.51 Y108.079 E.01074
G1 X101.335 Y108.152 E.00648
G1 X95.981 Y102.799 E.25862
G1 X95.981 Y103.391 E.02025
G1 X100.934 Y108.344 E.23922
G1 X100.773 Y108.452 E.00662
G1 X100.608 Y108.611 E.00782
G1 X95.981 Y103.984 E.22348
G1 X95.981 Y104.577 E.02025
G1 X100.339 Y108.934 E.21048
G1 X100.145 Y109.333 E.01515
G1 X95.981 Y105.17 E.2011
G1 X95.981 Y105.763 E.02025
G1 X100.215 Y109.996 E.20452
G1 E-.84 F2400
;WIPE_START
G1 F1800
G1 X99.508 Y109.289 E-.36
;WIPE_END
G1 F9000
G1 X100.37 Y109.9 Z0.257143
G1 X100.43 Y110.954 Z0.314286
G1 X99.6436 Y111.658 Z0.371429
G1 X98.6023 Y111.483 Z0.428571
G1 X98.0905 Y110.559 Z0.485714
G1 X98.4937 Y109.583 Z0.542857
G1 X99.5081 Y109.289 Z0.6
G1 X103.788 Y110.012 Z.6
G1 Z.2
G1 E1.2 F1800
G1 X117.794 Y124.019 E.6766
G1 X117.201 Y124.019 E.02025
G1 X103.861 Y110.678 E.64443
G1 X103.77 Y110.877 E.00746
G1 X103.651 Y111.061 E.00749
G1 X116.609 Y124.019 E.62595
G1 X116.016 Y124.019 E.02025
G1 X103.39 Y111.393 E.6099
G1 X103.066 Y111.662 E.01438
G1 X115.423 Y124.019 E.5969
G1 X114.83 Y124.019 E.02025
G1 X102.659 Y111.847 E.58795
G1 X102.388 Y111.943 E.0098
G1 X102.185 Y111.966 E.00699
G1 X114.237 Y124.019 E.5822
G1 X113.645 Y124.019 E.02025
G1 X101.549 Y111.923 E.58429
G1 X101.043 Y111.736 E.01844
G1 X100.904 Y111.643 E.00568
G1 X100.515 Y111.313 E.01743
G1 X100.229 Y110.875 E.01789
G1 X100.117 Y110.595 E.01029
G1 X100.088 Y110.462 E.00465
G1 X95.981 Y106.355 E.19838
G1 X95.981 Y106.948 E.02025
G1 X113.052 Y124.019 E.8246
G1 X112.459 Y124.019 E.02025
G1 X95.981 Y107.541 E.79597
G1 X95.981 Y108.134 E.02025
G1 X111.866 Y124.019 E.76733
G1 X111.273 Y124.019 E.02025
G1 X95.981 Y108.727 E.73869
G1 X95.981 Y109.319 E.02025
G1 X110.681 Y124.019 E.71006
G1 X110.088 Y124.019 E.02025
G1 X95.981 Y109.912 E.68142
G1 X95.981 Y110.505 E.02025
G1 X109.495 Y124.019 E.65279
G1 X108.902 Y124.019 E.02025
G1 X95.981 Y111.098 E.62415
G1 X95.981 Y111.691 E.02025
G1 X108.309 Y124.019 E.59552
G1 X107.717 Y124.019 E.02025
G1 X95.981 Y112.283 E.56688
G1 X95.981 Y112.876 E.02025
G1 X107.124 Y124.019 E.53825
G1 X106.531 Y124.019 E.02025
G1 X95.981 Y113.469 E.50961
G1 X95.981 Y114.062 E.02025
G1 X105.938 Y124.019 E.48097
G1 X105.345 Y124.019 E.02025
G1 X95.981 Y114.655 E.45234
G1 X95.981 Y115.247 E.02025
G1 X104.753 Y124.019 E.4237
G1 X104.16 Y124.019 E.02025
G1 X95.981 Y115.84 E.39507
G1 X95.981 Y116.433 E.02025
G1 X103.567 Y124.019 E.36643
G1 X102.974 Y124.019 E.02025
G1 X95.981 Y117.026 E.3378
G1 X95.981 Y117.619 E.02025
G1 X102.381 Y124.019 E.30916
G1 X101.789 Y124.019 E.02025
G1 X95.981 Y118.211 E.28053
G1 X95.981 Y118.804 E.02025
G1 X101.196 Y124.019 E.25189
G1 X100.603 Y124.019 E.02025
G1 X95.981 Y119.397 E.22326
G1 X95.981 Y119.99 E.02025
G1 X100.01 Y124.019 E.19462
G1 X99.417 Y124.019 E.02025
G1 X95.981 Y120.583 E.16598
G1 X95.981 Y121.175 E.02025
G1 X98.825 Y124.019 E.13735
G1 X98.232 Y124.019 E.02025
G1 X95.981 Y121.768 E.10871
G1 X95.981 Y122.361 E.02025
G1 X97.639 Y124.019 E.08008
G1 X97.046 Y124.019 E.02025
G1 X95.981 Y122.954 E.05144
G1 X95.981 Y123.547 E.02025
G1 X96.641 Y124.206 E.03187
; stop printing object prueba_base rueda loka.STL id:0 copy 0
M106 S255
;LAYER_CHANGE
;Z:0.4
;HEIGHT:0.2
;BEFORE_LAYER_CHANGE
;0.4
G92 E0

G1 E-.84 F2400
;WIPE_START
G1 F1800
G1 X95.981 Y123.547 E-.33593
G1 X95.981 Y123.48 E-.02407
;WIPE_END
;_SET_FAN_SPEED_CHANGING_LAYER
M204 P2500
; printing object prueba_base rueda loka.STL id:0 copy 0
G1 F9000
G1 X96.9179 Y123.968 Z0.457143
G1 X97.1202 Y125.004 Z0.514286
G1 X96.4361 Y125.809 Z0.571429
G1 X95.3806 Y125.775 Z0.628571
G1 X94.7485 Y124.929 Z0.685714
G1 X95.0159 Y123.908 Z0.742857
G1 X95.9813 Y123.48 Z0.8
G1 X124.376 Y124.376 Z.8
G1 Z.4
G1 E1.2 F1800
M204 P2000
;TYPE:Inner wall
;WIDTH:0.449999
G1 F2700
G1 X95.624 Y124.376 E.95379
G1 X95.624 Y95.624 E.95379
G1 X124.376 Y95.624 E.95379
G1 X124.376 Y124.336 E.95246
M204 T1000
G1 X124.79 Y124.79 F9000
M204 P1000
;TYPE:Outer wall
;WIDTH:0.419999
G1 F2100
G1 X95.21 Y124.79 E.90891
G1 X95.21 Y95.21 E.90891
G1 X124.79 Y95.21 E.90891
G1 X124.79 Y124.75 E.90768
M204 T2500
G1 E-.84 F2400
;WIPE_START
G1 F2100
G1 X123.79 Y124.751 E-.36
;WIPE_END
G1 F9000
G1 X123.915 Y123.703 Z0.457143
G1 X124.812 Y123.146 Z0.514286
G1 X125.807 Y123.501 Z0.571429
G1 X126.15 Y124.5 Z0.628571
G1 X125.582 Y125.391 Z0.685714
G1 X124.532 Y125.503 Z0.742857
G1 X123.79 Y124.751 Z0.8
G1 X118.183 Y108.4 Z.8
G1 Z.4
G1 E1.2 F1800
M204 P2000
;TYPE:Inner wall
;WIDTH:0.449999
G1 F2700
G1 X118.081 Y108.38 E.00345
G1 X117.558 Y108.438 E.01744
G1 X117.062 Y108.675 E.01824
G1 X116.67 Y109.07 E.01845
G1 X116.437 Y109.563 E.01809
G1 X116.39 Y110.167 E.02008
G1 X116.516 Y110.655 E.01673
G1 X116.814 Y111.107 E.01794
G1 X117.236 Y111.432 E.01767
G1 X117.723 Y111.6 E.01712
G1 X118.238 Y111.605 E.01706
G1 X118.723 Y111.446 E.01695
G1 X119.15 Y111.139 E.01744
G1 X119.462 Y110.693 E.01806
G1 X119.614 Y110.145 E.01889
G1 X119.573 Y109.621 E.01743
G1 X119.357 Y109.118 E.01816
G1 X118.986 Y108.717 E.01814
G1 X118.502 Y108.462 E.01814
G1 X118.222 Y108.407 E.00945
M204 T1000
G1 X118.119 Y108.796 F9000
M204 P1000
;TYPE:Outer wall
;WIDTH:0.419999
G1 F2100
G1 X118.117 Y108.796 E.00006
G1 X117.723 Y108.824 E.01213
G1 X117.347 Y108.984 E.01255
G1 X117.046 Y109.259 E.01255
G1 X116.853 Y109.62 E.01256
G1 X116.791 Y110.052 E.01341
G1 X116.869 Y110.424 E.01169
G1 X117.075 Y110.777 E.01255
G1 X117.386 Y111.041 E.01255
G1 X117.768 Y111.186 E.01255
G1 X118.176 Y111.195 E.01255
G1 X118.581 Y111.058 E.01312
G1 X118.889 Y110.819 E.01198
G1 X119.11 Y110.477 E.01253
G1 X119.205 Y110.079 E.01255
G1 X119.163 Y109.673 E.01255
G1 X118.988 Y109.304 E.01256
G1 X118.7 Y109.015 E.01254
G1 X118.332 Y108.838 E.01255
G1 X118.158 Y108.804 E.00545
M204 T2500
G1 E-.84 F2400
;WIPE_START
G1 F2100
G1 X118.117 Y108.796 E-.01507
G1 X117.723 Y108.824 E-.14209
G1 X117.347 Y108.984 E-.147
G1 X117.233 Y109.088 E-.05583
;WIPE_END
G1 F9000
G1 X116.303 Y108.587 Z0.457143
G1 X116.115 Y107.548 Z0.514286
G1 X116.811 Y106.753 Z0.571429
G1 X117.866 Y106.801 Z0.628571
G1 X118.486 Y107.656 Z0.685714
G1 X118.204 Y108.674 Z0.742857
G1 X117.233 Y109.088 Z0.8
G1 X102.165 Y108.399 Z.8
G1 Z.4
G1 E1.2 F1800
M204 P2000
;TYPE:Inner wall
;WIDTH:0.449999
G1 F2700
G1 X102.039 Y108.382 E.0042
G1 X101.498 Y108.462 E.01814
G1 X101.014 Y108.717 E.01815
G1 X100.643 Y109.118 E.01814
G1 X100.427 Y109.621 E.01814
G1 X100.39 Y110.167 E.01814
G1 X100.465 Y110.511 E.0117
G1 X100.723 Y110.994 E.01815
G1 X101.127 Y111.363 E.01816
G1 X101.63 Y111.576 E.01814
G1 X102.007 Y111.609 E.01256
G1 X102.376 Y111.573 E.01229
G1 X102.89 Y111.351 E.01856
G1 X103.264 Y111.014 E.01671
G1 X103.522 Y110.564 E.01721
G1 X103.622 Y110.02 E.01834
G1 X103.544 Y109.501 E.0174
G1 X103.303 Y109.031 E.01753
G1 X102.938 Y108.675 E.01691
G1 X102.434 Y108.436 E.01852
G1 X102.204 Y108.405 E.00767
M204 T1000
G1 X102.117 Y108.796 F9000
M204 P1000
;TYPE:Outer wall
;WIDTH:0.419999
G1 F2100
G1 X101.723 Y108.824 E.01213
G1 X101.347 Y108.984 E.01255
G1 X101.046 Y109.259 E.01255
G1 X100.853 Y109.619 E.01255
G1 X100.795 Y110.079 E.01425
G1 X100.869 Y110.424 E.01083
G1 X101.075 Y110.777 E.01255
G1 X101.387 Y111.041 E.01256
G1 X101.768 Y111.186 E.01254
G1 X102.176 Y111.195 E.01255
G1 X102.581 Y111.058 E.01312
G1 X102.889 Y110.819 E.01198
G1 X103.11 Y110.477 E.01253
G1 X103.205 Y110.079 E.01255
G1 X103.156 Y109.655 E.01312
G1 X103.004 Y109.336 E.01088
G1 X102.7 Y109.015 E.01358
G1 X102.332 Y108.838 E.01255
G1 X102.156 Y108.804 E.0055
M204 T2500
G1 E-.84 F2400
;WIPE_START
G1 F2100
G1 X101.723 Y108.824 E-.15603
G1 X101.347 Y108.984 E-.147
G1 X101.23 Y109.09 E-.05696
;WIPE_END
G1 F9000
G1 X101.746 Y110.012 Z0.457143
G1 X101.348 Y110.99 Z0.514286
G1 X100.335 Y111.288 Z0.571429
G1 X99.4699 Y110.681 Z0.628571
G1 X99.4048 Y109.627 Z0.685714
G1 X100.188 Y108.919 Z0.742857
G1 X101.23 Y109.09 Z0.8
G1 X122.474 Y123.984 Z.8
G1 Z.4
G1 E1.2 F1800
M204 P2500
;TYPE:Internal solid infill
G1 F3900
G1 X123.984 Y123.984 E.0464
G1 X123.984 Y122.474 E.0464
G1 X122.503 Y123.956 E.06438
G1 X124.215 Y121.977 F9000
;WIDTH:0.419999
G1 F3900
G1 X122.147 Y124.045 E.08988
G1 X121.613 Y124.045 E.01639
G1 X124.045 Y121.613 E.10568
G1 X124.045 Y121.08 E.01639
G1 X121.08 Y124.045 E.12885
G1 X120.547 Y124.045 E.01639
G1 X124.045 Y120.547 E.15203
G1 X124.045 Y120.014 E.01639
G1 X120.014 Y124.045 E.1752
G1 X119.48 Y124.045 E.01639
G1 X124.045 Y119.48 E.19837
G1 X124.045 Y118.947 E.01639
G1 X118.947 Y124.045 E.22155
G1 X118.414 Y124.045 E.01639
G1 X124.045 Y118.414 E.24472
G1 X124.045 Y117.881 E.01639
G1 X117.881 Y124.045 E.26789
G1 X117.347 Y124.045 E.01639
G1 X124.045 Y117.347 E.29107
G1 X124.045 Y116.814 E.01639
G1 X116.814 Y124.045 E.31424
G1 X116.281 Y124.045 E.01639
G1 X124.045 Y116.281 E.33741
G1 X124.045 Y115.747 E.01639
G1 X115.747 Y124.045 E.36059
G1 X115.214 Y124.045 E.01639
G1 X124.045 Y115.214 E.38376
G1 X124.045 Y114.681 E.01639
G1 X114.681 Y124.045 E.40693
G1 X114.148 Y124.045 E.01639
G1 X124.045 Y114.148 E.43011
G1 X124.045 Y113.614 E.01639
G1 X113.614 Y124.045 E.45328
G1 X113.081 Y124.045 E.01639
G1 X124.045 Y113.081 E.47645
G1 X124.045 Y112.548 E.01639
G1 X112.548 Y124.045 E.49962
G1 X112.015 Y124.045 E.01639
G1 X124.045 Y112.015 E.5228
G1 X124.045 Y111.481 E.01639
G1 X111.481 Y124.045 E.54597
G1 X110.948 Y124.045 E.01639
G1 X124.045 Y110.948 E.56914
G1 X124.045 Y110.415 E.01639
G1 X110.415 Y124.045 E.59232
G1 X109.882 Y124.045 E.01639
G1 X124.045 Y109.882 E.61549
G1 X124.045 Y109.348 E.01639
G1 X109.348 Y124.045 E.63866
G1 X108.815 Y124.045 E.01639
G1 X124.045 Y108.815 E.66184
G1 X124.045 Y108.282 E.01639
G1 X108.282 Y124.045 E.68501
G1 X107.748 Y124.045 E.01639
G1 X124.045 Y107.748 E.70818
G1 X124.045 Y107.215 E.01639
G1 X107.215 Y124.045 E.73136
G1 X106.682 Y124.045 E.01639
G1 X124.045 Y106.682 E.75453
G1 X124.045 Y106.149 E.01639
G1 X119.926 Y110.268 E.17901
G1 X119.954 Y110.043 E.00699
G1 X119.92 Y109.741 E.00933
G1 X124.045 Y105.615 E.17927
G1 X124.045 Y105.082 E.01639
G1 X119.82 Y109.307 E.1836
G1 X119.642 Y108.952 E.01221
G1 X124.045 Y104.549 E.19134
G1 X124.045 Y104.016 E.01639
G1 X119.403 Y108.658 E.20173
G1 X119.207 Y108.47 E.00835
G1 X119.118 Y108.41 E.0033
G1 X124.045 Y103.482 E.21413
G1 X124.045 Y102.949 E.01639
G1 X118.771 Y108.223 E.22919
G1 X118.526 Y108.117 E.00822
G1 X118.374 Y108.087 E.00476
G1 X124.045 Y102.416 E.24647
G1 X124.045 Y101.882 E.01639
G1 X117.672 Y108.256 E.27694
G1 E-.84 F2400
;WIPE_START
G1 F3900
G1 X118.379 Y107.549 E-.36
;WIPE_END
G1 F9000
G1 X117.947 Y108.512 Z0.457143
G1 X116.925 Y108.775 Z0.514286
G1 X116.081 Y108.14 Z0.571429
G1 X116.052 Y107.084 Z0.628571
G1 X116.86 Y106.403 Z0.685714
G1 X117.895 Y106.61 Z0.742857
G1 X118.379 Y107.549 Z0.8
G1 X118.493 Y111.701 Z.8
G1 Z.4
G1 E1.2 F1800
G1 F3900
G1 X106.149 Y124.045 E.53644
G1 X105.615 Y124.045 E.01639
G1 X117.726 Y111.935 E.52627
G1 X117.526 Y111.89 E.0063
G1 X117.315 Y111.812 E.00691
G1 X105.082 Y124.045 E.53158
G1 X104.549 Y124.045 E.01639
G1 X116.952 Y111.642 E.53898
G1 X116.66 Y111.401 E.01164
G1 X104.016 Y124.045 E.54947
G1 X103.482 Y124.045 E.01639
G1 X116.418 Y111.11 E.56211
G1 X116.214 Y110.78 E.01191
G1 X102.949 Y124.045 E.57643
G1 X102.416 Y124.045 E.01639
G1 X116.098 Y110.364 E.59454
G1 X116.065 Y110.229 E.00427
G1 X116.049 Y109.972 E.00791
G1 X116.062 Y109.866 E.00329
G1 X101.882 Y124.045 E.61617
G1 X101.349 Y124.045 E.01639
G1 X124.045 Y101.349 E.98626
G1 X124.045 Y100.816 E.01639
G1 X100.816 Y124.045 E1.00943
G1 X100.283 Y124.045 E.01639
G1 X124.045 Y100.283 E1.03261
G1 X124.045 Y99.749 E.01639
G1 X99.749 Y124.045 E1.05578
G1 X99.216 Y124.045 E.01639
G1 X124.045 Y99.216 E1.07895
G1 X124.045 Y98.683 E.01639
G1 X98.683 Y124.045 E1.10213
G1 X98.15 Y124.045 E.01639
G1 X124.045 Y98.15 E1.1253
G1 X124.045 Y97.616 E.01639
G1 X97.616 Y124.045 E1.14847
G1 X97.083 Y124.045 E.01639
G1 X124.045 Y97.083 E1.17165
G1 X124.045 Y96.55 E.01639
G1 X96.55 Y124.045 E1.19482
G1 X96.016 Y124.045 E.01639
G1 X124.045 Y96.016 E1.21799
G1 X124.045 Y95.955 E.0019
G1 X123.574 Y95.955 E.01448
G1 X95.955 Y123.574 E1.2002
G1 X95.955 Y123.041 E.01639
G1 X123.041 Y95.955 E1.17703
G1 X122.508 Y95.955 E.01639
G1 X95.955 Y122.508 E1.15386
G1 X95.955 Y121.974 E.01639
G1 X121.974 Y95.955 E1.13068
G1 X121.441 Y95.955 E.01639
G1 X95.955 Y121.441 E1.10751
G1 X95.955 Y120.908 E.01639
G1 X120.908 Y95.955 E1.08434
G1 X120.374 Y95.955 E.01639
G1 X95.955 Y120.374 E1.06116
G1 X95.955 Y119.841 E.01639
G1 X119.841 Y95.955 E1.03799
G1 X119.308 Y95.955 E.01639
G1 X95.955 Y119.308 E1.01482
G1 X95.955 Y118.775 E.01639
G1 X118.775 Y95.955 E.99164
G1 X118.241 Y95.955 E.01639
G1 X103.919 Y110.277 E.62237
G1 X103.951 Y110.125 E.00478
G1 X103.947 Y109.933 E.00588
G1 X103.917 Y109.746 E.00583
G1 X117.708 Y95.955 E.5993
G1 X117.175 Y95.955 E.01639
G1 X103.818 Y109.312 E.58043
G1 X103.643 Y108.953 E.01226
G1 X116.642 Y95.955 E.56484
G1 X116.108 Y95.955 E.01639
G1 X103.402 Y108.661 E.55216
G1 X103.126 Y108.404 E.01159
G1 X115.575 Y95.955 E.54098
G1 X115.042 Y95.955 E.01639
G1 X102.773 Y108.224 E.53315
G1 X102.529 Y108.118 E.00816
G1 X102.37 Y108.093 E.00495
G1 X114.509 Y95.955 E.52747
G1 X113.975 Y95.955 E.01639
G1 X101.67 Y108.26 E.53472
G1 E-.84 F2400
;WIPE_START
G1 F3900
G1 X102.377 Y107.553 E-.36
;WIPE_END
G1 F9000
G1 X101.947 Y108.517 Z0.457143
G1 X100.925 Y108.783 Z0.514286
G1 X100.08 Y108.149 Z0.571429
G1 X100.049 Y107.093 Z0.628571
G1 X100.855 Y106.411 Z0.685714
G1 X101.891 Y106.615 Z0.742857
G1 X102.377 Y107.553 Z0.8
G1 X102.5 Y111.696 Z.8
G1 Z.4
G1 E1.2 F1800
G1 F3900
G1 X95.955 Y118.241 E.28443
G1 X95.955 Y117.708 E.01639
G1 X101.732 Y111.931 E.25106
G1 X101.524 Y111.889 E.00651
G1 X101.318 Y111.811 E.00678
G1 X95.955 Y117.175 E.23307
G1 X95.955 Y116.642 E.01639
G1 X100.953 Y111.643 E.2172
G1 X100.661 Y111.402 E.01164
G1 X95.955 Y116.108 E.2045
G1 X95.955 Y115.575 E.01639
G1 X100.416 Y111.113 E.19388
G1 X100.251 Y110.859 E.00932
G1 X100.218 Y110.778 E.00268
G1 X95.955 Y115.042 E.18528
G1 X95.955 Y114.509 E.01639
G1 X100.095 Y110.368 E.17994
G1 X100.058 Y110.195 E.00544
G1 X100.061 Y109.869 E.01002
G1 X95.955 Y113.975 E.17846
G1 X95.955 Y113.442 E.01639
G1 X113.442 Y95.955 E.75991
G1 X112.909 Y95.955 E.01639
G1 X95.955 Y112.909 E.73674
G1 X95.955 Y112.375 E.01639
G1 X112.375 Y95.955 E.71357
G1 X111.842 Y95.955 E.01639
G1 X95.955 Y111.842 E.69039
G1 X95.955 Y111.309 E.01639
G1 X111.309 Y95.955 E.66722
G1 X110.776 Y95.955 E.01639
G1 X95.955 Y110.776 E.64405
G1 X95.955 Y110.242 E.01639
G1 X110.242 Y95.955 E.62087
G1 X109.709 Y95.955 E.01639
G1 X95.955 Y109.709 E.5977
G1 X95.955 Y109.176 E.01639
G1 X109.176 Y95.955 E.57453
G1 X108.643 Y95.955 E.01639
G1 X95.955 Y108.643 E.55135
G1 X95.955 Y108.109 E.01639
G1 X108.109 Y95.955 E.52818
G1 X107.576 Y95.955 E.01639
G1 X95.955 Y107.576 E.50501
G1 X95.955 Y107.043 E.01639
G1 X107.043 Y95.955 E.48183
G1 X106.509 Y95.955 E.01639
G1 X95.955 Y106.509 E.45866
G1 X95.955 Y105.976 E.01639
G1 X105.976 Y95.955 E.43549
G1 X105.443 Y95.955 E.01639
G1 X95.955 Y105.443 E.41231
G1 X95.955 Y104.91 E.01639
G1 X104.91 Y95.955 E.38914
G1 X104.376 Y95.955 E.01639
G1 X95.955 Y104.376 E.36597
G1 X95.955 Y103.843 E.01639
G1 X103.843 Y95.955 E.3428
G1 X103.31 Y95.955 E.01639
G1 X95.955 Y103.31 E.31962
G1 X95.955 Y102.777 E.01639
G1 X102.777 Y95.955 E.29645
G1 X102.243 Y95.955 E.01639
G1 X95.955 Y102.243 E.27328
G1 X95.955 Y101.71 E.01639
G1 X101.71 Y95.955 E.2501
G1 X101.177 Y95.955 E.01639
G1 X95.955 Y101.177 E.22693
G1 X95.955 Y100.643 E.01639
G1 X100.643 Y95.955 E.20376
G1 X100.11 Y95.955 E.01639
G1 X95.955 Y100.11 E.18058
G1 X95.955 Y99.577 E.01639
G1 X99.577 Y95.955 E.15741
G1 X99.044 Y95.955 E.01639
G1 X95.955 Y99.044 E.13424
G1 X95.955 Y98.51 E.01639
G1 X98.51 Y95.955 E.11106
G1 X97.977 Y95.955 E.01639
G1 X95.955 Y97.977 E.08789
G1 X95.955 Y97.444 E.01639
G1 X97.444 Y95.955 E.06472
G1 X96.911 Y95.955 E.01639
G1 X95.785 Y97.08 E.04892
; stop printing object prueba_base rueda loka.STL id:0 copy 0
;LAYER_CHANGE
;Z:0.6
;HEIGHT:0.2
;BEFORE_LAYER_CHANGE
;0.6
G92 E0

G1 E-.84 F2400
;WIPE_START
G1 F3900
G1 X96.492 Y96.373 E-.36
;WIPE_END
;_SET_FAN_SPEED_CHANGING_LAYER
; printing object prueba_base rueda loka.STL id:0 copy 0
G1 F9000
G1 X96.8386 Y97.3707 Z0.657143
G1 X96.2749 Y98.2637 Z0.714286
G1 X95.2252 Y98.3797 Z0.771429
G1 X94.4801 Y97.6314 Z0.828571
G1 X94.6006 Y96.5822 Z0.885714
G1 X95.4959 Y96.0223 Z0.942857
G1 X96.492 Y96.3732 Z1
G1 X124.376 Y124.376 Z1
G1 Z.6
G1 E1.2 F1800
M204 P2000
;TYPE:Inner wall
;WIDTH:0.449999
G1 F3600
G1 X95.624 Y124.376 E.95379
G1 X95.624 Y95.624 E.95379
G1 X124.376 Y95.624 E.95379
G1 X124.376 Y124.336 E.95246
M204 T1000
G1 X124.79 Y124.79 F9000
M204 P1000
;TYPE:Outer wall
;WIDTH:0.419999
G1 F2400
G1 X95.21 Y124.79 E.90891
G1 X95.21 Y95.21 E.90891
G1 X124.79 Y95.21 E.90891
G1 X124.79 Y124.75 E.90768
M204 T2500
G1 E-.84
;WIPE_START
G1 X123.79 Y124.751 E-.36
;WIPE_END
G1 F9000
G1 X123.915 Y123.703 Z0.657143
G1 X124.812 Y123.146 Z0.714286
G1 X125.807 Y123.501 Z0.771429
G1 X126.15 Y124.5 Z0.828571
G1 X125.582 Y125.391 Z0.885714
G1 X124.532 Y125.503 Z0.942857
G1 X123.79 Y124.751 Z1
G1 X118.183 Y108.4 Z1
G1 Z.6
G1 E1.2 F1800
M204 P2000
;TYPE:Inner wall
;WIDTH:0.449999
G1 F3600
G1 X118.081 Y108.38 E.00345
G1 X117.558 Y108.438 E.01744
G1 X117.062 Y108.675 E.01824
G1 X116.697 Y109.031 E.01691
G1 X116.465 Y109.475 E.01661
G1 X116.382 Y110.119 E.02155
G1 X116.496 Y110.612 E.01678
G1 X116.779 Y111.071 E.01789
G1 X117.178 Y111.4 E.01715
G1 X117.693 Y111.594 E.01824
G1 X118.176 Y111.609 E.01605
G1 X118.702 Y111.458 E.01814
G1 X119.148 Y111.141 E.01814
G1 X119.462 Y110.693 E.01814
G1 X119.614 Y110.145 E.01889
G1 X119.561 Y109.583 E.01871
G1 X119.355 Y109.114 E.01698
G1 X118.986 Y108.717 E.018
G1 X118.502 Y108.462 E.01814
G1 X118.222 Y108.407 E.00945
M204 T1000
G1 X118.118 Y108.796 F9000
M204 P1000
;TYPE:Outer wall
;WIDTH:0.419999
G1 F2400
G1 X118.117 Y108.796 E.00005
G1 X117.723 Y108.824 E.01213
G1 X117.347 Y108.984 E.01255
G1 X117.046 Y109.259 E.01255
G1 X116.854 Y109.618 E.01252
G1 X116.791 Y110.03 E.01278
G1 X116.869 Y110.424 E.01235
G1 X117.075 Y110.777 E.01255
G1 X117.386 Y111.041 E.01255
G1 X117.768 Y111.186 E.01255
G1 X118.176 Y111.195 E.01255
G1 X118.564 Y111.068 E.01255
G1 X118.888 Y110.819 E.01255
G1 X119.11 Y110.477 E.01255
G1 X119.205 Y110.079 E.01255
G1 X119.152 Y109.643 E.0135
G1 X118.987 Y109.303 E.01161
G1 X118.7 Y109.015 E.01251
G1 X118.332 Y108.838 E.01255
G1 X118.158 Y108.804 E.00545
M204 T2500
G1 E-.84
;WIPE_START
G1 X118.117 Y108.796 E-.01503
G1 X117.723 Y108.824 E-.14209
G1 X117.347 Y108.984 E-.147
G1 X117.233 Y109.088 E-.05588
;WIPE_END
G1 F9000
G1 X116.303 Y108.587 Z0.657143
G1 X116.115 Y107.548 Z0.714286
G1 X116.811 Y106.753 Z0.771429
G1 X117.866 Y106.801 Z0.828571
G1 X118.486 Y107.656 Z0.885714
G1 X118.204 Y108.674 Z0.942857
G1 X117.233 Y109.088 Z1
G1 X102.165 Y108.399 Z1
G1 Z.6
G1 E1.2 F1800
M204 P2000
;TYPE:Inner wall
;WIDTH:0.449999
G1 F3600
G1 X102.039 Y108.382 E.0042
G1 X101.497 Y108.462 E.01817
G1 X101.014 Y108.717 E.01812
G1 X100.643 Y109.118 E.01814
G1 X100.427 Y109.621 E.01815
G1 X100.39 Y110.167 E.01817
G1 X100.538 Y110.693 E.01812
G1 X100.783 Y111.075 E.01506
G1 X101.212 Y111.42 E.01826
G1 X101.733 Y111.601 E.01828
G1 X102.277 Y111.6 E.01805
G1 X102.764 Y111.432 E.01712
G1 X103.186 Y111.107 E.01767
G1 X103.484 Y110.655 E.01794
G1 X103.61 Y110.167 E.01673
G1 X103.618 Y109.971 E.00651
G1 X103.535 Y109.474 E.01669
G1 X103.303 Y109.031 E.01659
G1 X102.938 Y108.675 E.01691
G1 X102.434 Y108.436 E.01852
G1 X102.204 Y108.405 E.00767
M204 T1000
G1 X102.117 Y108.796 F9000
M204 P1000
;TYPE:Outer wall
;WIDTH:0.419999
G1 F2400
G1 X102.117 Y108.796 E.00001
G1 X101.722 Y108.824 E.01214
G1 X101.347 Y108.984 E.01253
G1 X101.046 Y109.259 E.01254
G1 X100.853 Y109.619 E.01255
G1 X100.795 Y110.08 E.01427
G1 X100.869 Y110.424 E.01082
G1 X101.075 Y110.777 E.01255
G1 X101.386 Y111.041 E.01255
G1 X101.768 Y111.186 E.01255
G1 X102.176 Y111.195 E.01255
G1 X102.564 Y111.068 E.01255
G1 X102.888 Y110.819 E.01255
G1 X103.11 Y110.477 E.01255
G1 X103.205 Y110.079 E.01255
G1 X103.163 Y109.676 E.01245
G1 X102.988 Y109.305 E.01261
G1 X102.7 Y109.015 E.01258
G1 X102.332 Y108.838 E.01255
G1 X102.156 Y108.804 E.00549
M204 T2500
G1 E-.84
;WIPE_START
G1 X102.117 Y108.796 E-.01456
G1 X101.722 Y108.824 E-.14229
G1 X101.347 Y108.984 E-.14684
G1 X101.232 Y109.089 E-.05632
;WIPE_END
G1 F9000
G1 X102.28 Y108.961 Z0.657143
G1 X103.033 Y109.701 Z0.714286
G1 X102.925 Y110.751 Z0.771429
G1 X102.036 Y111.322 Z0.828571
G1 X101.036 Y110.982 Z0.885714
G1 X100.678 Y109.989 Z0.942857
G1 X101.232 Y109.089 Z1
G1 X121.977 Y95.785 Z1
G1 Z.6
G1 E1.2 F1800
M204 P2500
;TYPE:Internal solid infill
;WIDTH:0.419999
G1 F6000
G1 X124.045 Y97.853 E.08988
G1 X124.045 Y98.387 E.01639
G1 X121.613 Y95.955 E.10568
G1 X121.08 Y95.955 E.01639
G1 X124.045 Y98.92 E.12885
G1 X124.045 Y99.453 E.01639
G1 X120.547 Y95.955 E.15203
G1 X120.014 Y95.955 E.01639
G1 X124.045 Y99.986 E.1752
G1 X124.045 Y100.52 E.01639
G1 X119.48 Y95.955 E.19837
G1 X118.947 Y95.955 E.01639
G1 X124.045 Y101.053 E.22155
G1 X124.045 Y101.586 E.01639
G1 X118.414 Y95.955 E.24472
G1 X117.881 Y95.955 E.01639
G1 X124.045 Y102.119 E.26789
G1 X124.045 Y102.653 E.01639
G1 X117.347 Y95.955 E.29107
G1 X116.814 Y95.955 E.01639
G1 X124.045 Y103.186 E.31424
G1 X124.045 Y103.719 E.01639
G1 X116.281 Y95.955 E.33741
G1 X115.747 Y95.955 E.01639
G1 X124.045 Y104.253 E.36059
G1 X124.045 Y104.786 E.01639
G1 X115.214 Y95.955 E.38376
G1 X114.681 Y95.955 E.01639
G1 X124.045 Y105.319 E.40693
G1 X124.045 Y105.852 E.01639
G1 X114.148 Y95.955 E.43011
G1 X113.614 Y95.955 E.01639
G1 X124.045 Y106.386 E.45328
G1 X124.045 Y106.919 E.01639
G1 X113.081 Y95.955 E.47645
G1 X112.548 Y95.955 E.01639
G1 X124.045 Y107.452 E.49962
G1 X124.045 Y107.985 E.01639
G1 X112.015 Y95.955 E.5228
G1 X111.481 Y95.955 E.01639
G1 X124.045 Y108.519 E.54597
G1 X124.045 Y109.052 E.01639
G1 X110.948 Y95.955 E.56914
G1 X110.415 Y95.955 E.01639
G1 X124.045 Y109.585 E.59232
G1 X124.045 Y110.118 E.01639
G1 X109.882 Y95.955 E.61549
G1 X109.348 Y95.955 E.01639
G1 X124.045 Y110.652 E.63866
G1 X124.045 Y111.185 E.01639
G1 X108.815 Y95.955 E.66184
G1 X108.282 Y95.955 E.01639
G1 X124.045 Y111.718 E.68501
G1 X124.045 Y112.252 E.01639
G1 X107.748 Y95.955 E.70818
G1 X107.215 Y95.955 E.01639
G1 X124.045 Y112.785 E.73136
G1 X124.045 Y113.318 E.01639
G1 X106.682 Y95.955 E.75453
G1 X106.149 Y95.955 E.01639
G1 X118.259 Y108.065 E.52627
G1 X118.019 Y108.052 E.00742
G1 X117.739 Y108.079 E.00862
G1 X105.615 Y95.955 E.52685
G1 X105.082 Y95.955 E.01639
G1 X117.311 Y108.183 E.53138
G1 X116.952 Y108.357 E.01226
G1 X104.549 Y95.955 E.53896
G1 X104.016 Y95.955 E.01639
G1 X116.661 Y108.6 E.54949
G1 X116.525 Y108.726 E.0057
G1 X116.404 Y108.876 E.00592
G1 X103.482 Y95.955 E.56149
G1 X102.949 Y95.955 E.01639
G1 X116.221 Y109.226 E.57672
G1 X116.157 Y109.352 E.00433
G1 X116.092 Y109.631 E.00879
G1 X102.416 Y95.955 E.59429
G1 X101.882 Y95.955 E.01639
G1 X116.266 Y110.338 E.62503
G1 E-.84 F2400
;WIPE_START
G1 F6000
G1 X115.559 Y109.631 E-.36
;WIPE_END
G1 F9000
G1 X116.523 Y110.061 Z0.657143
G1 X116.788 Y111.084 Z0.714286
G1 X116.154 Y111.928 Z0.771429
G1 X115.099 Y111.959 Z0.828571
G1 X114.416 Y111.153 Z0.885714
G1 X114.621 Y110.117 Z0.942857
G1 X115.559 Y109.631 Z1
G1 X119.704 Y109.51 Z1
G1 Z.6
G1 E1.2 F1800
G1 F6000
G1 X124.045 Y113.851 E.18865
G1 X124.045 Y114.385 E.01639
G1 X119.926 Y110.266 E.17899
G1 X119.857 Y110.591 E.01024
G1 X119.817 Y110.69 E.00325
G1 X124.045 Y114.918 E.18373
G1 X124.045 Y115.451 E.01639
G1 X119.636 Y111.042 E.1916
G1 X119.554 Y111.176 E.00485
G1 X119.406 Y111.345 E.00689
G1 X124.045 Y115.984 E.20163
G1 X124.045 Y116.518 E.01639
G1 X119.113 Y111.585 E.21436
G1 X118.948 Y111.711 E.00637
G1 X118.772 Y111.777 E.00578
G1 X124.045 Y117.051 E.22916
G1 X124.045 Y117.584 E.01639
G1 X118.37 Y111.908 E.24664
G1 X118.186 Y111.94 E.00571
G1 X117.864 Y111.936 E.00991
G1 X124.045 Y118.118 E.26861
G1 X124.045 Y118.651 E.01639
G1 X101.349 Y95.955 E.98626
G1 X100.816 Y95.955 E.01639
G1 X124.045 Y119.184 E1.00943
G1 X124.045 Y119.717 E.01639
G1 X100.283 Y95.955 E1.03261
G1 X99.749 Y95.955 E.01639
G1 X124.045 Y120.251 E1.05578
G1 X124.045 Y120.784 E.01639
G1 X99.216 Y95.955 E1.07895
G1 X98.683 Y95.955 E.01639
G1 X124.045 Y121.317 E1.10213
G1 X124.045 Y121.85 E.01639
G1 X98.15 Y95.955 E1.1253
G1 X97.616 Y95.955 E.01639
G1 X124.045 Y122.384 E1.14847
G1 X124.045 Y122.917 E.01639
G1 X97.083 Y95.955 E1.17165
G1 X96.55 Y95.955 E.01639
G1 X124.045 Y123.45 E1.19482
G1 X124.045 Y123.984 E.01639
G1 X96.016 Y95.955 E1.21799
G1 X95.955 Y95.955 E.0019
G1 X95.955 Y96.426 E.01448
G1 X123.574 Y124.045 E1.2002
G1 X123.041 Y124.045 E.01639
G1 X95.955 Y96.959 E1.17703
G1 X95.955 Y97.492 E.01639
G1 X122.508 Y124.045 E1.15386
G1 X121.974 Y124.045 E.01639
G1 X95.955 Y98.026 E1.13068
G1 X95.955 Y98.559 E.01639
G1 X121.441 Y124.045 E1.10751
G1 X120.908 Y124.045 E.01639
G1 X95.955 Y99.092 E1.08434
G1 X95.955 Y99.626 E.01639
G1 X120.374 Y124.045 E1.06116
G1 X119.841 Y124.045 E.01639
G1 X95.955 Y100.159 E1.03799
G1 X95.955 Y100.692 E.01639
G1 X119.308 Y124.045 E1.01482
G1 X118.775 Y124.045 E.01639
G1 X95.955 Y101.225 E.99164
G1 X95.955 Y101.759 E.01639
G1 X102.274 Y108.078 E.27461
G1 X102.082 Y108.048 E.00596
G1 X101.745 Y108.082 E.01043
G1 X95.955 Y102.292 E.2516
G1 X95.955 Y102.825 E.01639
G1 X101.318 Y108.188 E.23305
G1 X101.032 Y108.309 E.00954
G1 X100.956 Y108.36 E.0028
G1 X95.955 Y103.358 E.21734
G1 X95.955 Y103.892 E.01639
G1 X100.66 Y108.597 E.20448
G1 X100.523 Y108.729 E.00585
G1 X100.41 Y108.881 E.0058
G1 X95.955 Y104.425 E.19363
G1 X95.955 Y104.958 E.01639
G1 X100.219 Y109.223 E.18533
G1 X100.184 Y109.294 E.00243
G1 X100.092 Y109.629 E.01068
G1 X95.955 Y105.491 E.17979
G1 X95.955 Y106.025 E.01639
G1 X100.261 Y110.331 E.18713
G1 E-.84 F2400
;WIPE_START
G1 F6000
G1 X99.554 Y109.624 E-.36
;WIPE_END
G1 F9000
G1 X100.517 Y110.057 Z0.657143
G1 X100.779 Y111.08 Z0.714286
G1 X100.142 Y111.923 Z0.771429
G1 X99.0866 Y111.951 Z0.828571
G1 X98.4068 Y111.142 Z0.885714
G1 X98.6147 Y110.107 Z0.942857
G1 X99.5539 Y109.624 Z1
G1 X103.711 Y109.515 Z1
G1 Z.6
G1 E1.2 F1800
G1 F6000
G1 X118.241 Y124.045 E.63141
G1 X117.708 Y124.045 E.01639
G1 X103.923 Y110.26 E.59905
G1 X103.824 Y110.695 E.01369
G1 X117.175 Y124.045 E.58016
G1 X116.642 Y124.045 E.01639
G1 X103.634 Y111.038 E.56525
G1 X103.471 Y111.289 E.00921
G1 X103.407 Y111.344 E.00259
G1 X116.108 Y124.045 E.55194
G1 X115.575 Y124.045 E.01639
G1 X103.118 Y111.589 E.54131
G1 X102.778 Y111.782 E.01202
G1 X115.042 Y124.045 E.53291
G1 X114.509 Y124.045 E.01639
G1 X102.38 Y111.917 E.52703
G1 X102.182 Y111.94 E.00612
G1 X101.863 Y111.933 E.00981
G1 X113.975 Y124.045 E.52633
G1 X113.442 Y124.045 E.01639
G1 X95.955 Y106.558 E.75991
G1 X95.955 Y107.091 E.01639
G1 X112.909 Y124.045 E.73674
G1 X112.375 Y124.045 E.01639
G1 X95.955 Y107.625 E.71357
G1 X95.955 Y108.158 E.01639
G1 X111.842 Y124.045 E.69039
G1 X111.309 Y124.045 E.01639
G1 X95.955 Y108.691 E.66722
G1 X95.955 Y109.224 E.01639
G1 X110.776 Y124.045 E.64405
G1 X110.242 Y124.045 E.01639
G1 X95.955 Y109.758 E.62087
G1 X95.955 Y110.291 E.01639
G1 X109.709 Y124.045 E.5977
G1 X109.176 Y124.045 E.01639
G1 X95.955 Y110.824 E.57453
G1 X95.955 Y111.357 E.01639
G1 X108.643 Y124.045 E.55135
G1 X108.109 Y124.045 E.01639
G1 X95.955 Y111.891 E.52818
G1 X95.955 Y112.424 E.01639
G1 X107.576 Y124.045 E.50501
G1 X107.043 Y124.045 E.01639
G1 X95.955 Y112.957 E.48183
G1 X95.955 Y113.491 E.01639
G1 X106.509 Y124.045 E.45866
G1 X105.976 Y124.045 E.01639
G1 X95.955 Y114.024 E.43549
G1 X95.955 Y114.557 E.01639
G1 X105.443 Y124.045 E.41231
G1 X104.91 Y124.045 E.01639
G1 X95.955 Y115.09 E.38914
G1 X95.955 Y115.624 E.01639
G1 X104.376 Y124.045 E.36597
G1 X103.843 Y124.045 E.01639
G1 X95.955 Y116.157 E.3428
G1 X95.955 Y116.69 E.01639
G1 X103.31 Y124.045 E.31962
G1 X102.777 Y124.045 E.01639
G1 X95.955 Y117.223 E.29645
G1 X95.955 Y117.757 E.01639
G1 X102.243 Y124.045 E.27328
G1 X101.71 Y124.045 E.01639
G1 X95.955 Y118.29 E.2501
G1 X95.955 Y118.823 E.01639
G1 X101.177 Y124.045 E.22693
G1 X100.643 Y124.045 E.01639
G1 X95.955 Y119.357 E.20376
G1 X95.955 Y119.89 E.01639
G1 X100.11 Y124.045 E.18058
G1 X99.577 Y124.045 E.01639
G1 X95.955 Y120.423 E.15741
G1 X95.955 Y120.956 E.01639
G1 X99.044 Y124.045 E.13424
G1 X98.51 Y124.045 E.01639
G1 X95.955 Y121.49 E.11106
G1 X95.955 Y122.023 E.01639
G1 X97.977 Y124.045 E.08789
G1 X97.444 Y124.045 E.01639
G1 X95.955 Y122.556 E.06472
G1 X95.955 Y123.089 E.01639
G1 X97.08 Y124.215 E.04892
G1 X122.474 Y96.016 F9000
;WIDTH:0.419999
G1 F6000
G1 X123.984 Y97.526 E.06561
G1 X123.984 Y96.016 E.0464
G1 X122.514 Y96.016 E.04517
; stop printing object prueba_base rueda loka.STL id:0 copy 0
;LAYER_CHANGE
;Z:0.8
;HEIGHT:0.2
;BEFORE_LAYER_CHANGE
;0.8
G92 E0

G1 E-.84 F2400
;WIPE_START
G1 F6000
G1 X123.514 Y96.016 E-.36
;WIPE_END
;_SET_FAN_SPEED_CHANGING_LAYER
; printing object prueba_base rueda loka.STL id:0 copy 0
G1 F9000
G1 X123.085 Y96.9806 Z0.857143
G1 X122.063 Y97.2467 Z0.914286
G1 X121.218 Y96.6137 Z0.971429
G1 X121.186 Y95.5581 Z1.02857
G1 X121.991 Y94.8749 Z1.08571
G1 X123.028 Y95.0785 Z1.14286
G1 X123.514 Y96.0156 Z1.2
G1 X124.376 Y124.376 Z1.2
G1 Z.8
G1 E1.2 F1800
M204 P2000
;TYPE:Inner wall
;WIDTH:0.449999
G1 F3600
G1 X95.624 Y124.376 E.95379
G1 X95.624 Y95.624 E.95379
G1 X124.376 Y95.624 E.95379
G1 X124.376 Y124.336 E.95246
M204 T1000
G1 X124.79 Y124.79 F9000
M204 P1000
;TYPE:Outer wall
;WIDTH:0.419999
G1 F2400
G1 X95.21 Y124.79 E.90891
G1 X95.21 Y95.21 E.90891
G1 X124.79 Y95.21 E.90891
G1 X124.79 Y124.75 E.90768
M204 T2500
G1 E-.84
;WIPE_START
G1 X123.79 Y124.751 E-.36
;WIPE_END
G1 F9000
G1 X123.915 Y123.703 Z0.857143
G1 X124.812 Y123.146 Z0.914286
G1 X125.807 Y123.501 Z0.971429
G1 X126.15 Y124.5 Z1.02857
G1 X125.582 Y125.391 Z1.08571
G1 X124.532 Y125.503 Z1.14286
G1 X123.79 Y124.751 Z1.2
G1 X118.183 Y108.4 Z1.2
G1 Z.8
G1 E1.2 F1800
M204 P2000
;TYPE:Inner wall
;WIDTH:0.449999
G1 F3600
G1 X118.081 Y108.38 E.00345
G1 X117.549 Y108.441 E.01777
G1 X117.075 Y108.67 E.01744
G1 X116.697 Y109.031 E.01734
G1 X116.465 Y109.475 E.01662
G1 X116.379 Y109.994 E.01744
G1 X116.516 Y110.655 E.0224
G1 X116.814 Y111.107 E.01794
G1 X117.236 Y111.432 E.01767
G1 X117.758 Y111.605 E.01824
G1 X118.267 Y111.601 E.01691
G1 X118.788 Y111.42 E.01828
G1 X119.221 Y111.07 E.01849
G1 X119.482 Y110.642 E.01661
G1 X119.614 Y110.145 E.01707
G1 X119.573 Y109.62 E.01745
G1 X119.357 Y109.118 E.01813
G1 X118.986 Y108.717 E.01813
G1 X118.502 Y108.462 E.01815
G1 X118.222 Y108.407 E.00945
M204 T1000
G1 X118.118 Y108.796 F9000
M204 P1000
;TYPE:Outer wall
;WIDTH:0.419999
G1 F2400
G1 X118.117 Y108.796 E.00005
G1 X117.723 Y108.824 E.01213
G1 X117.312 Y109.011 E.01387
G1 X117.044 Y109.26 E.01124
G1 X116.854 Y109.618 E.01245
G1 X116.793 Y110.02 E.01248
G1 X116.869 Y110.424 E.01265
G1 X117.075 Y110.777 E.01255
G1 X117.386 Y111.041 E.01255
G1 X117.768 Y111.186 E.01255
G1 X118.176 Y111.195 E.01255
G1 X118.564 Y111.068 E.01255
G1 X118.888 Y110.819 E.01255
G1 X119.124 Y110.434 E.01387
G1 X119.206 Y110.078 E.01124
G1 X119.163 Y109.673 E.01252
G1 X118.988 Y109.304 E.01253
G1 X118.7 Y109.015 E.01254
G1 X118.332 Y108.838 E.01255
G1 X118.157 Y108.804 E.00545
M204 T2500
G1 E-.84
;WIPE_START
G1 X118.117 Y108.796 E-.01496
G1 X117.723 Y108.824 E-.14209
G1 X117.312 Y109.011 E-.16255
G1 X117.23 Y109.087 E-.0404
;WIPE_END
G1 F9000
G1 X116.3 Y108.586 Z0.857143
G1 X116.112 Y107.547 Z0.914286
G1 X116.808 Y106.752 Z0.971429
G1 X117.863 Y106.8 Z1.02857
G1 X118.483 Y107.655 Z1.08571
G1 X118.201 Y108.673 Z1.14286
G1 X117.23 Y109.087 Z1.2
G1 X102.165 Y108.399 Z1.2
G1 Z.8
G1 E1.2 F1800
M204 P2000
;TYPE:Inner wall
;WIDTH:0.449999
G1 F3600
G1 X102.039 Y108.382 E.0042
G1 X101.498 Y108.462 E.01814
G1 X101.014 Y108.717 E.01815
G1 X100.643 Y109.118 E.01814
G1 X100.427 Y109.621 E.01814
G1 X100.39 Y110.167 E.01814
G1 X100.538 Y110.693 E.01815
G1 X100.783 Y111.075 E.01506
G1 X101.212 Y111.42 E.01826
G1 X101.733 Y111.601 E.01828
G1 X102.317 Y111.591 E.0194
G1 X102.809 Y111.404 E.01744
G1 X103.189 Y111.104 E.01608
G1 X103.484 Y110.655 E.01781
G1 X103.61 Y110.167 E.01673
G1 X103.618 Y109.971 E.00651
G1 X103.535 Y109.474 E.01669
G1 X103.303 Y109.031 E.01659
G1 X102.938 Y108.675 E.01691
G1 X102.434 Y108.436 E.01852
G1 X102.204 Y108.405 E.00767
M204 T1000
G1 X102.118 Y108.796 F9000
M204 P1000
;TYPE:Outer wall
;WIDTH:0.419999
G1 F2400
G1 X102.117 Y108.796 E.00005
G1 X101.723 Y108.824 E.01213
G1 X101.347 Y108.984 E.01255
G1 X101.046 Y109.259 E.01255
G1 X100.853 Y109.619 E.01255
G1 X100.795 Y110.079 E.01425
G1 X100.869 Y110.424 E.01083
G1 X101.075 Y110.777 E.01255
G1 X101.386 Y111.041 E.01255
G1 X101.768 Y111.186 E.01255
G1 X102.176 Y111.195 E.01255
G1 X102.602 Y111.044 E.01387
G1 X102.889 Y110.818 E.01124
G1 X103.11 Y110.477 E.01249
G1 X103.205 Y110.079 E.01255
G1 X103.164 Y109.678 E.01242
G1 X102.988 Y109.306 E.01263
G1 X102.7 Y109.015 E.01258
G1 X102.332 Y108.838 E.01255
G1 X102.158 Y108.804 E.00545
M204 T2500
G1 E-.84
;WIPE_START
G1 X102.117 Y108.796 E-.01498
G1 X101.723 Y108.824 E-.14209
G1 X101.347 Y108.984 E-.147
G1 X101.232 Y109.088 E-.05592
;WIPE_END
G1 F9000
G1 X101.748 Y110.01 Z0.857143
G1 X101.35 Y110.988 Z0.914286
G1 X100.337 Y111.286 Z0.971429
G1 X99.4719 Y110.679 Z1.02857
G1 X99.4068 Y109.625 Z1.08571
G1 X100.19 Y108.917 Z1.14286
G1 X101.232 Y109.088 Z1.2
G1 X122.474 Y123.984 Z1.2
G1 Z.8
G1 E1.2 F1800
M204 P2500
;TYPE:Internal solid infill
G1 F6000
G1 X123.984 Y123.984 E.0464
G1 X123.984 Y122.474 E.0464
G1 X122.503 Y123.956 E.06438
G1 X124.215 Y121.977 F9000
;WIDTH:0.419999
G1 F6000
G1 X122.147 Y124.045 E.08988
G1 X121.613 Y124.045 E.01639
G1 X124.045 Y121.613 E.10568
G1 X124.045 Y121.08 E.01639
G1 X121.08 Y124.045 E.12885
G1 X120.547 Y124.045 E.01639
G1 X124.045 Y120.547 E.15203
G1 X124.045 Y120.014 E.01639
G1 X120.014 Y124.045 E.1752
G1 X119.48 Y124.045 E.01639
G1 X124.045 Y119.48 E.19837
G1 X124.045 Y118.947 E.01639
G1 X118.947 Y124.045 E.22155
G1 X118.414 Y124.045 E.01639
G1 X124.045 Y118.414 E.24472
G1 X124.045 Y117.881 E.01639
G1 X117.881 Y124.045 E.26789
G1 X117.347 Y124.045 E.01639
G1 X124.045 Y117.347 E.29107
G1 X124.045 Y116.814 E.01639
G1 X116.814 Y124.045 E.31424
G1 X116.281 Y124.045 E.01639
G1 X124.045 Y116.281 E.33741
G1 X124.045 Y115.747 E.01639
G1 X115.747 Y124.045 E.36059
G1 X115.214 Y124.045 E.01639
G1 X124.045 Y115.214 E.38376
G1 X124.045 Y114.681 E.01639
G1 X114.681 Y124.045 E.40693
G1 X114.148 Y124.045 E.01639
G1 X124.045 Y114.148 E.43011
G1 X124.045 Y113.614 E.01639
G1 X113.614 Y124.045 E.45328
G1 X113.081 Y124.045 E.01639
G1 X124.045 Y113.081 E.47645
G1 X124.045 Y112.548 E.01639
G1 X112.548 Y124.045 E.49962
G1 X112.015 Y124.045 E.01639
G1 X124.045 Y112.015 E.5228
G1 X124.045 Y111.481 E.01639
G1 X111.481 Y124.045 E.54597
G1 X110.948 Y124.045 E.01639
G1 X124.045 Y110.948 E.56914
G1 X124.045 Y110.415 E.01639
G1 X110.415 Y124.045 E.59232
G1 X109.882 Y124.045 E.01639
G1 X124.045 Y109.882 E.61549
G1 X124.045 Y109.348 E.01639
G1 X109.348 Y124.045 E.63866
G1 X108.815 Y124.045 E.01639
G1 X124.045 Y108.815 E.66184
G1 X124.045 Y108.282 E.01639
G1 X108.282 Y124.045 E.68501
G1 X107.748 Y124.045 E.01639
G1 X124.045 Y107.748 E.70818
G1 X124.045 Y107.215 E.01639
G1 X107.215 Y124.045 E.73136
G1 X106.682 Y124.045 E.01639
G1 X124.045 Y106.682 E.75453
G1 X124.045 Y106.149 E.01639
G1 X119.916 Y110.278 E.17944
G1 X119.955 Y110.048 E.00718
G1 X119.92 Y109.741 E.00949
G1 X124.045 Y105.615 E.17927
G1 X124.045 Y105.082 E.01639
G1 X119.82 Y109.307 E.1836
G1 X119.642 Y108.952 E.01221
G1 X124.045 Y104.549 E.19134
G1 X124.045 Y104.016 E.01639
G1 X119.403 Y108.658 E.20174
G1 X119.207 Y108.47 E.00834
G1 X119.118 Y108.41 E.00331
G1 X124.045 Y103.482 E.21413
G1 X124.045 Y102.949 E.01639
G1 X118.771 Y108.223 E.22919
G1 X118.526 Y108.117 E.00822
G1 X118.374 Y108.087 E.00476
G1 X124.045 Y102.416 E.24647
G1 X124.045 Y101.882 E.01639
G1 X117.677 Y108.251 E.27675
G1 E-.84 F2400
;WIPE_START
G1 F6000
G1 X118.384 Y107.544 E-.36
;WIPE_END
G1 F9000
G1 X117.951 Y108.507 Z0.857143
G1 X116.928 Y108.769 Z0.914286
G1 X116.085 Y108.132 Z0.971429
G1 X116.058 Y107.077 Z1.02857
G1 X116.866 Y106.397 Z1.08571
G1 X117.901 Y106.605 Z1.14286
G1 X118.384 Y107.544 Z1.2
G1 X118.492 Y111.702 Z1.2
G1 Z.8
G1 E1.2 F1800
G1 F6000
G1 X106.149 Y124.045 E.5364
G1 X105.615 Y124.045 E.01639
G1 X117.726 Y111.935 E.52628
G1 X117.526 Y111.89 E.0063
G1 X117.315 Y111.812 E.00691
G1 X105.082 Y124.045 E.53158
G1 X104.549 Y124.045 E.01639
G1 X116.952 Y111.642 E.53898
G1 X116.66 Y111.401 E.01164
G1 X104.016 Y124.045 E.54947
G1 X103.482 Y124.045 E.01639
G1 X116.418 Y111.11 E.56211
G1 X116.214 Y110.78 E.01191
G1 X102.949 Y124.045 E.57643
G1 X102.416 Y124.045 E.01639
G1 X116.098 Y110.364 E.59454
G1 X116.065 Y110.229 E.00427
G1 X116.049 Y109.971 E.00792
G1 X116.063 Y109.865 E.0033
G1 X101.882 Y124.045 E.61621
G1 X101.349 Y124.045 E.01639
G1 X124.045 Y101.349 E.98626
G1 X124.045 Y100.816 E.01639
G1 X100.816 Y124.045 E1.00943
G1 X100.283 Y124.045 E.01639
G1 X124.045 Y100.283 E1.03261
G1 X124.045 Y99.749 E.01639
G1 X99.749 Y124.045 E1.05578
G1 X99.216 Y124.045 E.01639
G1 X124.045 Y99.216 E1.07895
G1 X124.045 Y98.683 E.01639
G1 X98.683 Y124.045 E1.10213
G1 X98.15 Y124.045 E.01639
G1 X124.045 Y98.15 E1.1253
G1 X124.045 Y97.616 E.01639
G1 X97.616 Y124.045 E1.14847
G1 X97.083 Y124.045 E.01639
G1 X124.045 Y97.083 E1.17165
G1 X124.045 Y96.55 E.01639
G1 X96.55 Y124.045 E1.19482
G1 X96.016 Y124.045 E.01639
G1 X124.045 Y96.016 E1.21799
G1 X124.045 Y95.955 E.0019
G1 X123.574 Y95.955 E.01448
G1 X95.955 Y123.574 E1.2002
G1 X95.955 Y123.041 E.01639
G1 X123.041 Y95.955 E1.17703
G1 X122.508 Y95.955 E.01639
G1 X95.955 Y122.508 E1.15386
G1 X95.955 Y121.974 E.01639
G1 X121.974 Y95.955 E1.13068
G1 X121.441 Y95.955 E.01639
G1 X95.955 Y121.441 E1.10751
G1 X95.955 Y120.908 E.01639
G1 X120.908 Y95.955 E1.08434
G1 X120.374 Y95.955 E.01639
G1 X95.955 Y120.374 E1.06116
G1 X95.955 Y119.841 E.01639
G1 X119.841 Y95.955 E1.03799
G1 X119.308 Y95.955 E.01639
G1 X95.955 Y119.308 E1.01482
G1 X95.955 Y118.775 E.01639
G1 X118.775 Y95.955 E.99164
G1 X118.241 Y95.955 E.01639
G1 X103.919 Y110.277 E.62237
G1 X103.951 Y110.125 E.00478
G1 X103.947 Y109.934 E.00586
G1 X103.918 Y109.745 E.00589
G1 X117.708 Y95.955 E.59924
G1 X117.175 Y95.955 E.01639
G1 X103.817 Y109.313 E.58047
G1 X103.643 Y108.953 E.01227
G1 X116.642 Y95.955 E.56485
G1 X116.108 Y95.955 E.01639
G1 X103.402 Y108.661 E.55216
G1 X103.126 Y108.404 E.01159
G1 X115.575 Y95.955 E.54098
G1 X115.042 Y95.955 E.01639
G1 X102.773 Y108.224 E.53315
G1 X102.529 Y108.118 E.00816
G1 X102.37 Y108.093 E.00495
G1 X114.509 Y95.955 E.52747
G1 X113.975 Y95.955 E.01639
G1 X101.67 Y108.26 E.53472
G1 E-.84 F2400
;WIPE_START
G1 F6000
G1 X102.377 Y107.553 E-.36
;WIPE_END
G1 F9000
G1 X101.948 Y108.518 Z0.857143
G1 X100.926 Y108.784 Z0.914286
G1 X100.081 Y108.15 Z0.971429
G1 X100.049 Y107.095 Z1.02857
G1 X100.854 Y106.412 Z1.08571
G1 X101.89 Y106.616 Z1.14286
G1 X102.377 Y107.553 Z1.2
G1 X102.502 Y111.694 Z1.2
G1 Z.8
G1 E1.2 F1800
G1 F6000
G1 X95.955 Y118.241 E.28453
G1 X95.955 Y117.708 E.01639
G1 X101.732 Y111.931 E.25106
G1 X101.524 Y111.889 E.00651
G1 X101.318 Y111.811 E.00677
G1 X95.955 Y117.175 E.23307
G1 X95.955 Y116.642 E.01639
G1 X100.953 Y111.643 E.2172
G1 X100.661 Y111.402 E.01164
G1 X95.955 Y116.108 E.2045
G1 X95.955 Y115.575 E.01639
G1 X100.416 Y111.113 E.19388
G1 X100.251 Y110.859 E.00932
G1 X100.218 Y110.778 E.00268
G1 X95.955 Y115.042 E.18528
G1 X95.955 Y114.509 E.01639
G1 X100.095 Y110.368 E.17994
G1 X100.058 Y110.195 E.00544
G1 X100.061 Y109.869 E.01002
G1 X95.955 Y113.975 E.17846
G1 X95.955 Y113.442 E.01639
G1 X113.442 Y95.955 E.75991
G1 X112.909 Y95.955 E.01639
G1 X95.955 Y112.909 E.73674
G1 X95.955 Y112.375 E.01639
G1 X112.375 Y95.955 E.71357
G1 X111.842 Y95.955 E.01639
G1 X95.955 Y111.842 E.69039
G1 X95.955 Y111.309 E.01639
G1 X111.309 Y95.955 E.66722
G1 X110.776 Y95.955 E.01639
G1 X95.955 Y110.776 E.64405
G1 X95.955 Y110.242 E.01639
G1 X110.242 Y95.955 E.62087
G1 X109.709 Y95.955 E.01639
G1 X95.955 Y109.709 E.5977
G1 X95.955 Y109.176 E.01639
G1 X109.176 Y95.955 E.57453
G1 X108.643 Y95.955 E.01639
G1 X95.955 Y108.643 E.55135
G1 X95.955 Y108.109 E.01639
G1 X108.109 Y95.955 E.52818
G1 X107.576 Y95.955 E.01639
G1 X95.955 Y107.576 E.50501
G1 X95.955 Y107.043 E.01639
G1 X107.043 Y95.955 E.48183
G1 X106.509 Y95.955 E.01639
G1 X95.955 Y106.509 E.45866
G1 X95.955 Y105.976 E.01639
G1 X105.976 Y95.955 E.43549
G1 X105.443 Y95.955 E.01639
G1 X95.955 Y105.443 E.41231
G1 X95.955 Y104.91 E.01639
G1 X104.91 Y95.955 E.38914
G1 X104.376 Y95.955 E.01639
G1 X95.955 Y104.376 E.36597
G1 X95.955 Y103.843 E.01639
G1 X103.843 Y95.955 E.3428
G1 X103.31 Y95.955 E.01639
G1 X95.955 Y103.31 E.31962
G1 X95.955 Y102.777 E.01639
G1 X102.777 Y95.955 E.29645
G1 X102.243 Y95.955 E.01639
G1 X95.955 Y102.243 E.27328
G1 X95.955 Y101.71 E.01639
G1 X101.71 Y95.955 E.2501
G1 X101.177 Y95.955 E.01639
G1 X95.955 Y101.177 E.22693
G1 X95.955 Y100.643 E.01639
G1 X100.643 Y95.955 E.20376
G1 X100.11 Y95.955 E.01639
G1 X95.955 Y100.11 E.18058
G1 X95.955 Y99.577 E.01639
G1 X99.577 Y95.955 E.15741
G1 X99.044 Y95.955 E.01639
G1 X95.955 Y99.044 E.13424
G1 X95.955 Y98.51 E.01639
G1 X98.51 Y95.955 E.11106
G1 X97.977 Y95.955 E.01639
G1 X95.955 Y97.977 E.08789
G1 X95.955 Y97.444 E.01639
G1 X97.444 Y95.955 E.06472
G1 X96.911 Y95.955 E.01639
G1 X95.785 Y97.08 E.04892
; stop printing object prueba_base rueda loka.STL id:0 copy 0
;LAYER_CHANGE
;Z:1
;HEIGHT:0.2
;BEFORE_LAYER_CHANGE
;1
G92 E0

G1 E-.84 F2400
;WIPE_START
G1 F6000
G1 X96.492 Y96.373 E-.36
;WIPE_END
;_SET_FAN_SPEED_CHANGING_LAYER
; printing object prueba_base rueda loka.STL id:0 copy 0
G1 F9000
G1 X96.8386 Y97.3707 Z1.05714
G1 X96.2749 Y98.2637 Z1.11429
G1 X95.2252 Y98.3797 Z1.17143
G1 X94.4801 Y97.6314 Z1.22857
G1 X94.6006 Y96.5822 Z1.28571
G1 X95.4959 Y96.0223 Z1.34286
G1 X96.492 Y96.3732 Z1.4
G1 X124.376 Y124.376 Z1.4
G1 Z1
G1 E1.2 F1800
M204 P2000
;TYPE:Inner wall
;WIDTH:0.449999
G1 F3600
G1 X95.624 Y124.376 E.95379
G1 X95.624 Y95.624 E.95379
G1 X124.376 Y95.624 E.95379
G1 X124.376 Y124.336 E.95246
M204 T1000
G1 X124.79 Y124.79 F9000
M204 P1000
;TYPE:Outer wall
;WIDTH:0.419999
G1 F2400
G1 X95.21 Y124.79 E.90891
G1 X95.21 Y95.21 E.90891
G1 X124.79 Y95.21 E.90891
G1 X124.79 Y124.75 E.90768
M204 T2500
G1 E-.84
;WIPE_START
G1 X123.79 Y124.751 E-.36
;WIPE_END
G1 F9000
G1 X123.916 Y123.703 Z1.05714
G1 X124.814 Y123.148 Z1.11429
G1 X125.808 Y123.504 Z1.17143
G1 X126.15 Y124.503 Z1.22857
G1 X125.581 Y125.393 Z1.28571
G1 X124.531 Y125.504 Z1.34286
G1 X123.79 Y124.751 Z1.4
G1 X118.205 Y108.407 Z1.4
G1 Z1
G1 E1.2 F1800
M204 P2000
;TYPE:Inner wall
;WIDTH:0.449999
G1 F3600
G1 X118.081 Y108.38 E.00422
G1 X117.546 Y108.442 E.01786
G1 X117.061 Y108.68 E.01791
G1 X116.688 Y109.043 E.01728
G1 X116.452 Y109.512 E.01741
G1 X116.378 Y110.012 E.01678
G1 X116.465 Y110.512 E.01683
G1 X116.636 Y110.872 E.01321
G1 X116.913 Y111.201 E.01428
G1 X117.369 Y111.49 E.01791
G1 X117.554 Y111.556 E.00652
G1 X118.098 Y111.615 E.01814
G1 X118.631 Y111.49 E.01814
G1 X119.091 Y111.195 E.01814
G1 X119.427 Y110.763 E.01814
G1 X119.6 Y110.244 E.01814
G1 X119.59 Y109.697 E.01814
G1 X119.398 Y109.185 E.01814
G1 X119.047 Y108.766 E.01814
G1 X118.576 Y108.488 E.01815
G1 X118.244 Y108.416 E.01125
M204 T1000
G1 X118.12 Y108.8 F9000
M204 P1000
;TYPE:Outer wall
;WIDTH:0.419999
G1 F2400
G1 X117.723 Y108.824 E.01222
G1 X117.3 Y109.02 E.01432
G1 X117.045 Y109.26 E.01077
G1 X116.844 Y109.642 E.01327
G1 X116.792 Y110.023 E.01182
G1 X116.869 Y110.425 E.01257
G1 X116.997 Y110.671 E.00854
G1 X117.22 Y110.923 E.01032
G1 X117.571 Y111.129 E.01252
G1 X117.972 Y111.208 E.01255
G1 X118.376 Y111.148 E.01255
G1 X118.737 Y110.957 E.01255
G1 X119.014 Y110.657 E.01255
G1 X119.175 Y110.282 E.01255
G1 X119.202 Y109.875 E.01255
G1 X119.091 Y109.481 E.01255
G1 X118.856 Y109.148 E.01255
G1 X118.523 Y108.911 E.01255
G1 X118.159 Y108.807 E.01164
M204 T2500
G1 E-.84
;WIPE_START
G1 X117.723 Y108.824 E-.15704
G1 X117.3 Y109.02 E-.16773
G1 X117.229 Y109.087 E-.03522
;WIPE_END
G1 F9000
G1 X116.299 Y108.585 Z1.05714
G1 X116.112 Y107.546 Z1.11429
G1 X116.808 Y106.751 Z1.17143
G1 X117.863 Y106.8 Z1.22857
G1 X118.482 Y107.655 Z1.28571
G1 X118.2 Y108.673 Z1.34286
G1 X117.229 Y109.087 Z1.4
G1 X102.127 Y108.392 Z1.4
G1 Z1
G1 E1.2 F1800
M204 P2000
;TYPE:Inner wall
;WIDTH:0.449999
G1 F3600
G1 X101.688 Y108.412 E.01457
G1 X101.177 Y108.607 E.01814
G1 X101.001 Y108.73 E.00713
G1 X100.611 Y109.172 E.01955
G1 X100.427 Y109.619 E.01604
G1 X100.385 Y110.141 E.01737
G1 X100.46 Y110.496 E.01202
G1 X100.675 Y110.929 E.01604
G1 X100.983 Y111.266 E.01514
G1 X101.465 Y111.533 E.01827
G1 X102 Y111.624 E.01801
G1 X102.511 Y111.541 E.01717
G1 X102.996 Y111.282 E.01824
G1 X103.349 Y110.9 E.01724
G1 X103.558 Y110.436 E.01688
G1 X103.6 Y110.244 E.00651
G1 X103.601 Y109.738 E.01681
G1 X103.444 Y109.258 E.01674
G1 X103.126 Y108.83 E.01768
G1 X102.7 Y108.536 E.01718
G1 X102.189 Y108.389 E.01764
G1 X102.167 Y108.39 E.00074
M204 T1000
G1 X102.122 Y108.8 F9000
M204 P1000
;TYPE:Outer wall
;WIDTH:0.419999
G1 F2400
G1 X101.723 Y108.824 E.01228
G1 X101.347 Y108.984 E.01255
G1 X101.013 Y109.309 E.01432
G1 X100.853 Y109.62 E.01077
G1 X100.793 Y110.073 E.01403
G1 X100.831 Y110.299 E.00705
G1 X100.957 Y110.61 E.01032
G1 X101.219 Y110.922 E.01252
G1 X101.571 Y111.129 E.01255
G1 X101.972 Y111.208 E.01255
G1 X102.376 Y111.148 E.01255
G1 X102.737 Y110.957 E.01255
G1 X103.014 Y110.657 E.01255
G1 X103.175 Y110.282 E.01255
G1 X103.202 Y109.875 E.01255
G1 X103.091 Y109.481 E.01255
G1 X102.856 Y109.148 E.01255
G1 X102.523 Y108.911 E.01255
G1 X102.161 Y108.808 E.01159
M204 T2500
G1 X101.883 Y108.053 F9000
M204 P2500
;TYPE:Sparse infill
;WIDTH:0.45
G1 F6000
G1 X101.513 Y108.09 E.01234
G1 X101.03 Y108.293 E.01737
G1 X100.89 Y108.372 E.00531
G1 X100.758 Y108.483 E.00575
G1 X100.479 Y108.769 E.01325
G1 X95.97 Y104.26 E.21154
G1 X95.97 Y108.405 E.1375
G1 X111.595 Y124.03 E.73304
G1 X115.74 Y124.03 E.1375
G1 X103.232 Y111.522 E.58679
G1 X103.117 Y111.615 E.0049
G1 X102.707 Y111.839 E.01551
G1 X102.514 Y111.895 E.00667
G1 X101.998 Y111.971 E.01727
G1 X101.711 Y111.923 E.00966
G1 X95.97 Y122.468 F9000
G1 F6000
G1 X95.97 Y120.84 E.05401
G1 X99.16 Y124.03 E.14968
G1 X103.305 Y124.03 E.1375
G1 X95.97 Y116.695 E.34414
G1 X95.97 Y112.55 E.1375
G1 X107.45 Y124.03 E.53859
G1 X109.079 Y124.03 E.05401
G1 X118.257 Y124.03 F9000
G1 F6000
G1 X119.885 Y124.03 E.05401
G1 X95.97 Y100.115 E1.12194
G1 X95.97 Y95.97 E.1375
G1 X124.03 Y124.03 E1.31639
G1 X124.03 Y119.885 E.1375
G1 X100.115 Y95.97 E1.12194
G1 X104.26 Y95.97 E.1375
G1 X116.771 Y108.481 E.58693
G1 X116.87 Y108.39 E.00446
G1 X117.336 Y108.155 E.01732
G1 X117.573 Y108.078 E.00824
G1 X118.021 Y108.036 E.01495
G1 X118.312 Y108.061 E.00966
G1 X118.801 Y108.199 E.01685
G1 X118.945 Y108.279 E.00546
G1 X119.36 Y108.573 E.0169
G1 X119.683 Y108.988 E.01741
G1 X119.814 Y109.247 E.00966
G1 X119.924 Y109.606 E.01245
G1 X119.962 Y109.861 E.00854
G1 X119.933 Y110.379 E.01721
G1 X119.882 Y110.558 E.00619
G1 X119.744 Y110.904 E.01234
G1 X119.592 Y111.15 E.0096
G1 X119.521 Y111.231 E.00357
G1 X124.03 Y115.74 E.21156
G1 X124.03 Y111.595 E.1375
G1 X108.405 Y95.97 E.73304
G1 X112.55 Y95.97 E.1375
G1 X124.03 Y107.45 E.53859
G1 X124.03 Y103.305 E.1375
G1 X116.695 Y95.97 E.34414
G1 X120.84 Y95.97 E.1375
G1 X124.03 Y99.16 E.14968
G1 X124.03 Y97.532 E.05401
; stop printing object prueba_base rueda loka.STL id:0 copy 0
;LAYER_CHANGE
;Z:1.2
;HEIGHT:0.2
;BEFORE_LAYER_CHANGE
;1.2
G92 E0

G1 E-.84 F2400
;WIPE_START
G1 F6000
G1 X124.03 Y98.532 E-.36
;WIPE_END
;_SET_FAN_SPEED_CHANGING_LAYER
; printing object prueba_base rueda loka.STL id:0 copy 0
G1 F9000
G1 X123.585 Y99.4895 Z1.25714
G1 X122.559 Y99.7383 Z1.31429
G1 X121.724 Y99.0909 Z1.37143
G1 X121.71 Y98.035 Z1.42857
G1 X122.527 Y97.3656 Z1.48571
G1 X123.56 Y97.5868 Z1.54286
G1 X124.03 Y98.532 Z1.6
G1 X124.376 Y124.376 Z1.6
G1 Z1.2
G1 E1.2 F1800
M204 P2000
;TYPE:Inner wall
;WIDTH:0.449999
G1 F3600
G1 X95.624 Y124.376 E.95379
G1 X95.624 Y95.624 E.95379
G1 X124.376 Y95.624 E.95379
G1 X124.376 Y124.336 E.95246
M204 T1000
G1 X124.79 Y124.79 F9000
M204 P1000
;TYPE:Outer wall
;WIDTH:0.419999
G1 F2400
G1 X95.21 Y124.79 E.90891
G1 X95.21 Y95.21 E.90891
G1 X124.79 Y95.21 E.90891
G1 X124.79 Y124.75 E.90768
M204 T2500
G1 E-.84
;WIPE_START
G1 X123.79 Y124.751 E-.36
;WIPE_END
G1 F9000
G1 X123.917 Y123.703 Z1.25714
G1 X124.816 Y123.149 Z1.31429
G1 X125.81 Y123.506 Z1.37143
G1 X126.15 Y124.505 Z1.42857
G1 X125.581 Y125.395 Z1.48571
G1 X124.531 Y125.504 Z1.54286
G1 X123.79 Y124.751 Z1.6
G1 X118.22 Y108.401 Z1.6
G1 Z1.2
G1 E1.2 F1800
M204 P2000
;TYPE:Inner wall
;WIDTH:0.449999
G1 F3600
G1 X118.154 Y108.384 E.00226
G1 X117.622 Y108.421 E.01769
G1 X117.117 Y108.638 E.01824
G1 X116.726 Y108.995 E.01754
G1 X116.485 Y109.432 E.01654
G1 X116.39 Y109.836 E.0138
G1 X116.427 Y110.396 E.01861
G1 X116.633 Y110.876 E.01731
G1 X116.978 Y111.249 E.01686
G1 X117.378 Y111.495 E.01558
G1 X117.902 Y111.615 E.01783
G1 X118.446 Y111.556 E.01815
G1 X118.65 Y111.479 E.00725
G1 X119.146 Y111.142 E.01989
G1 X119.426 Y110.765 E.01558
G1 X119.592 Y110.32 E.01574
G1 X119.615 Y109.868 E.01503
G1 X119.487 Y109.36 E.01736
G1 X119.384 Y109.167 E.00725
G1 X119.058 Y108.773 E.01698
G1 X118.661 Y108.517 E.01568
G1 X118.259 Y108.411 E.01379
M204 T1000
G1 X118.12 Y108.8 F9000
M204 P1000
;TYPE:Outer wall
;WIDTH:0.419999
G1 F2400
G1 X117.723 Y108.824 E.01221
G1 X117.347 Y108.984 E.01255
G1 X117.046 Y109.259 E.01255
G1 X116.854 Y109.618 E.01249
G1 X116.798 Y109.905 E.009
G1 X116.814 Y110.239 E.01028
G1 X116.957 Y110.609 E.01218
G1 X117.278 Y110.964 E.01469
G1 X117.572 Y111.131 E.01041
G1 X117.972 Y111.208 E.0125
G1 X118.376 Y111.148 E.01255
G1 X118.79 Y110.909 E.01469
G1 X119.015 Y110.656 E.01041
G1 X119.175 Y110.282 E.0125
G1 X119.202 Y109.875 E.01255
G1 X119.091 Y109.481 E.01255
G1 X118.801 Y109.101 E.01469
G1 X118.522 Y108.91 E.01041
G1 X118.159 Y108.807 E.0116
M204 T2500
G1 E-.84
;WIPE_START
G1 X117.723 Y108.824 E-.15695
G1 X117.347 Y108.984 E-.147
G1 X117.232 Y109.089 E-.05605
;WIPE_END
G1 F9000
G1 X116.303 Y108.587 Z1.25714
G1 X116.116 Y107.548 Z1.31429
G1 X116.811 Y106.753 Z1.37143
G1 X117.866 Y106.802 Z1.42857
G1 X118.486 Y107.657 Z1.48571
G1 X118.204 Y108.675 Z1.54286
G1 X117.232 Y109.089 Z1.6
G1 X102.191 Y108.394 Z1.6
G1 Z1.2
G1 E1.2 F1800
M204 P2000
;TYPE:Inner wall
;WIDTH:0.449999
G1 F3600
G1 X102.134 Y108.382 E.00194
G1 X101.606 Y108.425 E.01758
G1 X101.179 Y108.606 E.01539
G1 X100.813 Y108.9 E.01558
G1 X100.513 Y109.361 E.0182
G1 X100.385 Y109.87 E.01744
G1 X100.385 Y110.111 E.00798
G1 X100.466 Y110.521 E.01386
G1 X100.722 Y110.993 E.01783
G1 X101.127 Y111.363 E.01819
G1 X101.501 Y111.54 E.0137
G1 X101.911 Y111.617 E.01386
G1 X102.448 Y111.555 E.01791
G1 X102.939 Y111.318 E.01811
G1 X103.243 Y111.037 E.0137
G1 X103.511 Y110.593 E.01722
G1 X103.622 Y110.071 E.01772
G1 X103.56 Y109.553 E.01731
G1 X103.33 Y109.071 E.0177
G1 X102.986 Y108.717 E.0164
G1 X102.502 Y108.462 E.01815
G1 X102.231 Y108.403 E.00921
M204 T1000
G1 X102.121 Y108.797 F9000
M204 P1000
;TYPE:Outer wall
;WIDTH:0.419999
G1 F2400
G1 X102.117 Y108.796 E.00014
G1 X101.722 Y108.824 E.01216
G1 X101.45 Y108.926 E.00892
G1 X101.183 Y109.109 E.00995
G1 X100.934 Y109.431 E.0125
G1 X100.798 Y109.869 E.01409
G1 X100.799 Y110.11 E.0074
G1 X100.869 Y110.426 E.00995
G1 X101.075 Y110.777 E.0125
G1 X101.387 Y111.041 E.01258
G1 X101.654 Y111.155 E.00892
G1 X101.973 Y111.208 E.00995
G1 X102.376 Y111.148 E.0125
G1 X102.738 Y110.957 E.01258
G1 X102.943 Y110.752 E.00892
G1 X103.111 Y110.475 E.00995
G1 X103.205 Y110.08 E.0125
G1 X103.163 Y109.673 E.01255
G1 X102.989 Y109.306 E.01249
G1 X102.7 Y109.015 E.0126
G1 X102.332 Y108.838 E.01255
G1 X102.16 Y108.805 E.00536
M204 T2500
G1 X101.882 Y108.049 F9000
M204 P2500
;TYPE:Sparse infill
;WIDTH:0.45
G1 F6000
G1 X101.647 Y108.068 E.00781
G1 X101.395 Y108.129 E.00861
G1 X100.99 Y108.316 E.01479
G1 X100.736 Y108.495 E.0103
G1 X100.541 Y108.685 E.00905
G1 X100.479 Y108.769 E.00346
G1 X95.97 Y104.26 E.21155
G1 X95.97 Y108.405 E.1375
G1 X111.595 Y124.03 E.73304
G1 X115.74 Y124.03 E.1375
G1 X103.234 Y111.524 E.58669
G1 X103.117 Y111.615 E.00492
G1 X102.707 Y111.839 E.0155
G1 X102.514 Y111.895 E.00667
G1 X101.999 Y111.971 E.01725
G1 X101.711 Y111.93 E.00967
G1 X95.97 Y122.468 F9000
G1 F6000
G1 X95.97 Y120.84 E.05401
G1 X99.16 Y124.03 E.14968
G1 X103.305 Y124.03 E.1375
G1 X95.97 Y116.695 E.34414
G1 X95.97 Y112.55 E.1375
G1 X107.45 Y124.03 E.53859
G1 X109.079 Y124.03 E.05401
G1 X118.257 Y124.03 F9000
G1 F6000
G1 X119.885 Y124.03 E.05401
G1 X95.97 Y100.115 E1.12194
G1 X95.97 Y95.97 E.1375
G1 X124.03 Y124.03 E1.31639
G1 X124.03 Y119.885 E.1375
G1 X100.115 Y95.97 E1.12194
G1 X104.26 Y95.97 E.1375
G1 X116.766 Y108.476 E.58668
G1 X117.024 Y108.296 E.01043
G1 X117.452 Y108.108 E.01553
G1 X117.65 Y108.068 E.0067
G1 X118.022 Y108.036 E.01237
G1 X118.312 Y108.061 E.00965
G1 X118.8 Y108.198 E.01683
G1 X119.289 Y108.513 E.01928
G1 X119.658 Y108.955 E.01909
G1 X119.752 Y109.098 E.00568
G1 X119.923 Y109.604 E.01774
G1 X119.962 Y109.861 E.00861
G1 X119.933 Y110.379 E.01722
G1 X119.882 Y110.559 E.0062
G1 X119.743 Y110.905 E.01237
G1 X119.602 Y111.138 E.00905
G1 X119.522 Y111.232 E.00409
G1 X124.03 Y115.74 E.21148
G1 X124.03 Y111.595 E.1375
G1 X108.405 Y95.97 E.73304
G1 X112.55 Y95.97 E.1375
G1 X124.03 Y107.45 E.53859
G1 X124.03 Y103.305 E.1375
G1 X116.695 Y95.97 E.34414
G1 X120.84 Y95.97 E.1375
G1 X124.03 Y99.16 E.14968
G1 X124.03 Y97.532 E.05401
; stop printing object prueba_base rueda loka.STL id:0 copy 0
;LAYER_CHANGE
;Z:1.4
;HEIGHT:0.2
;BEFORE_LAYER_CHANGE
;1.4
G92 E0

G1 E-.84 F2400
;WIPE_START
G1 F6000
G1 X124.03 Y98.532 E-.36
;WIPE_END
;_SET_FAN_SPEED_CHANGING_LAYER
; printing object prueba_base rueda loka.STL id:0 copy 0
G1 F9000
G1 X123.585 Y99.4895 Z1.45714
G1 X122.559 Y99.7383 Z1.51429
G1 X121.724 Y99.0909 Z1.57143
G1 X121.71 Y98.035 Z1.62857
G1 X122.527 Y97.3656 Z1.68571
G1 X123.56 Y97.5868 Z1.74286
G1 X124.03 Y98.532 Z1.8
G1 X124.376 Y124.376 Z1.8
G1 Z1.4
G1 E1.2 F1800
M204 P2000
;TYPE:Inner wall
;WIDTH:0.449999
G1 F3600
G1 X95.624 Y124.376 E.95379
G1 X95.624 Y95.624 E.95379
G1 X124.376 Y95.624 E.95379
G1 X124.376 Y124.336 E.95246
M204 T1000
G1 X124.79 Y124.79 F9000
M204 P1000
;TYPE:Outer wall
;WIDTH:0.419999
G1 F2400
G1 X95.21 Y124.79 E.90891
G1 X95.21 Y95.21 E.90891
G1 X124.79 Y95.21 E.90891
G1 X124.79 Y124.75 E.90768
M204 T2500
G1 E-.84
;WIPE_START
G1 X123.79 Y124.751 E-.36
;WIPE_END
G1 F9000
G1 X123.91 Y123.702 Z1.45714
G1 X124.806 Y123.142 Z1.51429
G1 X125.802 Y123.493 Z1.57143
G1 X126.149 Y124.49 Z1.62857
G1 X125.585 Y125.384 Z1.68571
G1 X124.535 Y125.5 Z1.74286
G1 X123.79 Y124.751 Z1.8
G1 X118.103 Y108.393 Z1.8
G1 Z1.4
G1 E1.2 F1800
M204 P2000
;TYPE:Inner wall
;WIDTH:0.449999
G1 F3600
G1 X117.622 Y108.421 E.016
G1 X117.117 Y108.638 E.01824
G1 X116.726 Y108.995 E.01755
G1 X116.484 Y109.433 E.01659
G1 X116.382 Y109.971 E.01814
G1 X116.39 Y110.167 E.00651
G1 X116.515 Y110.652 E.01664
G1 X116.79 Y111.083 E.01695
G1 X117.185 Y111.391 E.0166
G1 X117.747 Y111.604 E.01993
G1 X118.316 Y111.592 E.01888
G1 X118.79 Y111.406 E.01691
G1 X118.987 Y111.275 E.00783
G1 X119.372 Y110.868 E.0186
G1 X119.592 Y110.32 E.01957
G1 X119.615 Y109.868 E.01503
G1 X119.487 Y109.36 E.01736
G1 X119.382 Y109.165 E.00736
G1 X119.025 Y108.745 E.01829
G1 X118.531 Y108.476 E.01866
G1 X118.187 Y108.388 E.01178
G1 X118.143 Y108.391 E.00144
M204 T1000
G1 X118.118 Y108.796 F9000
M204 P1000
;TYPE:Outer wall
;WIDTH:0.419999
G1 F2400
G1 X118.117 Y108.796 E.00003
G1 X117.723 Y108.824 E.01213
G1 X117.347 Y108.984 E.01255
G1 X117.046 Y109.259 E.01255
G1 X116.837 Y109.673 E.01425
G1 X116.792 Y110.023 E.01083
G1 X116.869 Y110.424 E.01255
G1 X117.075 Y110.778 E.01258
G1 X117.299 Y110.981 E.00929
G1 X117.759 Y111.182 E.01544
G1 X118.176 Y111.195 E.01282
G1 X118.635 Y111.023 E.01507
G1 X119.007 Y110.664 E.01588
G1 X119.175 Y110.282 E.01281
G1 X119.202 Y109.875 E.01255
G1 X119.091 Y109.481 E.01255
G1 X118.792 Y109.093 E.01507
G1 X118.34 Y108.842 E.01588
G1 X118.157 Y108.804 E.00575
M204 T2500
G1 E-.84
;WIPE_START
G1 X118.117 Y108.796 E-.01478
G1 X117.723 Y108.824 E-.14209
G1 X117.347 Y108.984 E-.147
G1 X117.232 Y109.089 E-.05613
;WIPE_END
G1 F9000
G1 X116.303 Y108.587 Z1.45714
G1 X116.115 Y107.548 Z1.51429
G1 X116.811 Y106.754 Z1.57143
G1 X117.866 Y106.802 Z1.62857
G1 X118.486 Y107.657 Z1.68571
G1 X118.204 Y108.675 Z1.74286
G1 X117.232 Y109.089 Z1.8
G1 X102.107 Y108.392 Z1.8
G1 Z1.4
G1 E1.2 F1800
M204 P2000
;TYPE:Inner wall
;WIDTH:0.449999
G1 F3600
G1 X101.688 Y108.412 E.01392
G1 X101.177 Y108.607 E.01815
G1 X100.759 Y108.962 E.01819
G1 X100.53 Y109.323 E.01419
G1 X100.387 Y109.939 E.02097
G1 X100.39 Y110.167 E.00756
G1 X100.538 Y110.693 E.01815
G1 X100.793 Y111.085 E.01552
G1 X101.217 Y111.41 E.01773
G1 X101.432 Y111.509 E.00783
G1 X102 Y111.624 E.01924
G1 X102.573 Y111.519 E.01932
G1 X103.038 Y111.249 E.01783
G1 X103.355 Y110.873 E.01629
G1 X103.584 Y110.356 E.01878
G1 X103.615 Y109.85 E.0168
G1 X103.487 Y109.36 E.01679
G1 X103.382 Y109.165 E.00736
G1 X102.984 Y108.715 E.01992
G1 X102.531 Y108.476 E.017
G1 X102.187 Y108.388 E.01178
G1 X102.147 Y108.39 E.00132
M204 T1000
G1 X102.122 Y108.797 F9000
M204 P1000
;TYPE:Outer wall
;WIDTH:0.419999
G1 F2400
G1 X102.117 Y108.796 E.00016
G1 X101.723 Y108.824 E.01213
G1 X101.347 Y108.984 E.01255
G1 X101.045 Y109.26 E.01258
G1 X100.875 Y109.571 E.01089
G1 X100.795 Y110.079 E.01581
G1 X100.869 Y110.424 E.01083
G1 X101.075 Y110.777 E.01255
G1 X101.462 Y111.077 E.01507
G1 X101.963 Y111.206 E.01588
G1 X102.376 Y111.148 E.01282
G1 X102.738 Y110.957 E.01258
G1 X102.951 Y110.742 E.00929
G1 X103.171 Y110.291 E.01544
G1 X103.202 Y109.875 E.01282
G1 X103.091 Y109.481 E.01255
G1 X102.781 Y109.081 E.01556
G1 X102.34 Y108.842 E.01541
G1 X102.161 Y108.805 E.00562
M204 T2500
G1 X101.883 Y108.049 F9000
M204 P2500
;TYPE:Sparse infill
;WIDTH:0.45
G1 F6000
G1 X101.647 Y108.068 E.00785
G1 X101.365 Y108.142 E.00966
G1 X100.901 Y108.363 E.01705
G1 X100.476 Y108.766 E.01943
G1 X95.97 Y104.26 E.2114
G1 X95.97 Y100.115 E.1375
G1 X119.885 Y124.03 E1.12194
G1 X115.74 Y124.03 E.1375
G1 X103.234 Y111.524 E.58671
G1 X103.117 Y111.615 E.00491
G1 X102.707 Y111.839 E.01551
G1 X102.514 Y111.895 E.00668
G1 X102.002 Y111.971 E.01714
G1 X101.712 Y111.926 E.00976
G1 X95.97 Y106.776 F9000
G1 F6000
G1 X95.97 Y108.405 E.05401
G1 X111.595 Y124.03 E.73304
G1 X107.45 Y124.03 E.1375
G1 X95.97 Y112.55 E.53859
G1 X95.97 Y116.695 E.1375
G1 X103.305 Y124.03 E.34414
G1 X99.16 Y124.03 E.1375
G1 X95.97 Y120.84 E.14968
G1 X95.97 Y122.468 E.05401
G1 X97.598 Y95.97 F9000
G1 F6000
G1 X95.97 Y95.97 E.05401
G1 X124.03 Y124.03 E1.31639
G1 X124.03 Y119.885 E.1375
G1 X100.115 Y95.97 E1.12194
G1 X101.743 Y95.97 E.05401
G1 X116.045 Y109.881 F9000
G1 F6000
G1 X116.095 Y109.507 E.01251
G1 X116.147 Y109.339 E.00586
G1 X116.377 Y108.885 E.01687
G1 X116.514 Y108.716 E.00722
G1 X116.768 Y108.478 E.01155
G1 X104.26 Y95.97 E.5868
G1 X108.405 Y95.97 E.1375
G1 X124.03 Y111.595 E.73304
G1 X124.03 Y115.74 E.1375
G1 X119.511 Y111.221 E.21201
G1 X119.662 Y111.06 E.00733
G1 X119.884 Y110.556 E.01824
G1 X119.945 Y110.271 E.00968
G1 X119.962 Y109.86 E.01365
G1 X119.939 Y109.708 E.0051
G1 X124.03 Y109.079 F9000
G1 F6000
G1 X124.03 Y107.45 E.05401
G1 X112.55 Y95.97 E.53859
G1 X116.695 Y95.97 E.1375
G1 X124.03 Y103.305 E.34414
G1 X124.03 Y99.16 E.1375
G1 X120.84 Y95.97 E.14969
G1 X122.468 Y95.97 E.05401
; stop printing object prueba_base rueda loka.STL id:0 copy 0
;LAYER_CHANGE
;Z:1.6
;HEIGHT:0.2
;BEFORE_LAYER_CHANGE
;1.6
G92 E0

G1 E-.84 F2400
;WIPE_START
G1 F6000
G1 X121.468 Y95.97 E-.36
;WIPE_END
;_SET_FAN_SPEED_CHANGING_LAYER
; printing object prueba_base rueda loka.STL id:0 copy 0
G1 F9000
G1 X121.109 Y96.9627 Z1.65714
G1 X120.109 Y97.3014 Z1.71429
G1 X119.22 Y96.7305 Z1.77143
G1 X119.113 Y95.6799 Z1.82857
G1 X119.867 Y94.9408 Z1.88571
G1 X120.915 Y95.0697 Z1.94286
G1 X121.468 Y95.9696 Z2
G1 X124.376 Y124.376 Z2
G1 Z1.6
G1 E1.2 F1800
M204 P2000
;TYPE:Inner wall
;WIDTH:0.449999
G1 F3600
G1 X95.624 Y124.376 E.95379
G1 X95.624 Y95.624 E.95379
G1 X124.376 Y95.624 E.95379
G1 X124.376 Y124.336 E.95246
M204 T1000
G1 X124.79 Y124.79 F9000
M204 P1000
;TYPE:Outer wall
;WIDTH:0.419999
G1 F2400
G1 X95.21 Y124.79 E.90891
G1 X95.21 Y95.21 E.90891
G1 X124.79 Y95.21 E.90891
G1 X124.79 Y124.75 E.90768
M204 T2500
G1 E-.84
;WIPE_START
G1 X123.79 Y124.751 E-.36
;WIPE_END
G1 F9000
G1 X123.91 Y123.702 Z1.65714
G1 X124.806 Y123.142 Z1.71429
G1 X125.802 Y123.493 Z1.77143
G1 X126.149 Y124.491 Z1.82857
G1 X125.585 Y125.384 Z1.88571
G1 X124.535 Y125.5 Z1.94286
G1 X123.79 Y124.751 Z2
G1 X118.104 Y108.393 Z2
G1 Z1.6
G1 E1.2 F1800
M204 P2000
;TYPE:Inner wall
;WIDTH:0.449999
G1 F3600
G1 X117.637 Y108.419 E.01554
G1 X117.177 Y108.607 E.01649
G1 X116.76 Y108.961 E.01815
G1 X116.643 Y109.118 E.00651
G1 X116.431 Y109.593 E.01723
G1 X116.399 Y110.246 E.02169
G1 X116.563 Y110.736 E.01714
G1 X116.676 Y110.93 E.00746
G1 X117.062 Y111.318 E.01814
G1 X117.554 Y111.556 E.01814
G1 X118.098 Y111.615 E.01814
G1 X118.631 Y111.49 E.01815
G1 X119.081 Y111.207 E.01765
G1 X119.363 Y110.861 E.01479
G1 X119.592 Y110.32 E.01949
G1 X119.615 Y109.868 E.01503
G1 X119.487 Y109.36 E.01736
G1 X119.38 Y109.162 E.00746
G1 X119.013 Y108.736 E.01866
G1 X118.528 Y108.474 E.01828
G1 X118.187 Y108.388 E.01168
G1 X118.144 Y108.391 E.0014
M204 T1000
G1 X118.117 Y108.796 F9000
M204 P1000
;TYPE:Outer wall
;WIDTH:0.419999
G1 F2400
G1 X117.723 Y108.824 E.01213
G1 X117.347 Y108.984 E.01255
G1 X117.046 Y109.259 E.01255
G1 X116.853 Y109.619 E.01255
G1 X116.802 Y110.126 E.01565
G1 X116.954 Y110.601 E.01533
G1 X117.219 Y110.922 E.01279
G1 X117.571 Y111.129 E.01255
G1 X117.972 Y111.208 E.01255
G1 X118.376 Y111.148 E.01255
G1 X118.738 Y110.957 E.01259
G1 X118.958 Y110.732 E.00967
G1 X119.171 Y110.29 E.01509
G1 X119.202 Y109.875 E.01279
G1 X119.091 Y109.481 E.01255
G1 X118.782 Y109.085 E.01544
G1 X118.339 Y108.842 E.01553
G1 X118.156 Y108.804 E.00575
M204 T2500
G1 E-.84
;WIPE_START
G1 X117.723 Y108.824 E-.156
G1 X117.347 Y108.984 E-.147
G1 X117.23 Y109.09 E-.057
;WIPE_END
G1 F9000
G1 X116.301 Y108.589 Z1.65714
G1 X116.114 Y107.549 Z1.71429
G1 X116.81 Y106.755 Z1.77143
G1 X117.865 Y106.804 Z1.82857
G1 X118.484 Y107.659 Z1.88571
G1 X118.202 Y108.677 Z1.94286
G1 X117.23 Y109.09 Z2
G1 X102.167 Y108.393 Z2
G1 Z1.6
G1 E1.2 F1800
M204 P2000
;TYPE:Inner wall
;WIDTH:0.449999
G1 F3600
G1 X102.039 Y108.382 E.00427
G1 X101.498 Y108.462 E.01814
G1 X101.014 Y108.717 E.01815
G1 X100.643 Y109.118 E.01814
G1 X100.427 Y109.621 E.01814
G1 X100.39 Y110.167 E.01814
G1 X100.538 Y110.693 E.01814
G1 X100.783 Y111.075 E.01506
G1 X101.212 Y111.42 E.01826
G1 X101.733 Y111.601 E.01828
G1 X102.307 Y111.594 E.01907
G1 X102.807 Y111.409 E.01768
G1 X103.223 Y111.051 E.01819
G1 X103.363 Y110.861 E.00782
G1 X103.59 Y110.326 E.01929
G1 X103.612 Y109.808 E.01719
G1 X103.456 Y109.281 E.01824
G1 X103.159 Y108.865 E.01694
G1 X102.755 Y108.568 E.01664
G1 X102.235 Y108.399 E.01814
G1 X102.207 Y108.396 E.00092
M204 T1000
G1 X102.126 Y108.799 F9000
M204 P1000
;TYPE:Outer wall
;WIDTH:0.419999
G1 F2400
G1 X101.723 Y108.824 E.01242
G1 X101.347 Y108.984 E.01255
G1 X101.046 Y109.259 E.01255
G1 X100.853 Y109.619 E.01255
G1 X100.795 Y110.079 E.01425
G1 X100.869 Y110.424 E.01083
G1 X101.075 Y110.777 E.01255
G1 X101.386 Y111.041 E.01255
G1 X101.768 Y111.186 E.01255
G1 X102.176 Y111.195 E.01255
G1 X102.564 Y111.068 E.01255
G1 X102.947 Y110.743 E.01544
G1 X103.171 Y110.29 E.01553
G1 X103.202 Y109.875 E.01279
G1 X103.091 Y109.481 E.01255
G1 X102.856 Y109.148 E.01255
G1 X102.523 Y108.911 E.01255
G1 X102.165 Y108.809 E.01145
M204 T2500
G1 X101.883 Y108.053 F9000
M204 P2500
;TYPE:Sparse infill
;WIDTH:0.45
G1 F6000
G1 X101.513 Y108.09 E.01234
G1 X101.025 Y108.295 E.01756
G1 X100.783 Y108.458 E.00966
G1 X100.476 Y108.766 E.01443
G1 X95.97 Y104.26 E.21143
G1 X95.97 Y108.405 E.1375
G1 X111.595 Y124.03 E.73304
G1 X115.74 Y124.03 E.1375
G1 X103.223 Y111.513 E.58724
G1 X103.056 Y111.659 E.00736
G1 X102.827 Y111.781 E.00862
G1 X102.385 Y111.932 E.01549
G1 X102.183 Y111.955 E.00674
G1 X101.706 Y111.945 E.01581
G1 X95.97 Y110.921 F9000
G1 F6000
G1 X95.97 Y112.55 E.05401
G1 X107.45 Y124.03 E.53859
G1 X103.305 Y124.03 E.1375
G1 X95.97 Y116.695 E.34414
G1 X95.97 Y120.84 E.1375
G1 X99.16 Y124.03 E.14968
G1 X97.532 Y124.03 E.05401
G1 X118.257 Y124.03 F9000
G1 F6000
G1 X119.885 Y124.03 E.05401
G1 X95.97 Y100.115 E1.12194
G1 X95.97 Y95.97 E.1375
G1 X124.03 Y124.03 E1.31639
G1 X124.03 Y119.885 E.1375
G1 X100.115 Y95.97 E1.12194
G1 X104.26 Y95.97 E.1375
G1 X116.769 Y108.479 E.58682
G1 X116.851 Y108.4 E.00379
G1 X117.027 Y108.295 E.00678
G1 X117.363 Y108.143 E.01223
G1 X117.553 Y108.082 E.00661
G1 X118.018 Y108.037 E.01551
G1 X118.238 Y108.046 E.00731
G1 X118.551 Y108.109 E.01059
G1 X119.082 Y108.369 E.01961
G1 X119.229 Y108.464 E.00581
G1 X119.366 Y108.599 E.00637
G1 X119.748 Y109.088 E.02059
G1 X119.923 Y109.604 E.01809
G1 X119.962 Y109.861 E.00861
G1 X119.933 Y110.381 E.01728
G1 X119.865 Y110.6 E.0076
G1 X119.672 Y111.017 E.01524
G1 X119.526 Y111.236 E.00874
G1 X124.03 Y115.74 E.21133
G1 X124.03 Y111.595 E.1375
G1 X108.405 Y95.97 E.73304
G1 X112.55 Y95.97 E.1375
G1 X124.03 Y107.45 E.53859
G1 X124.03 Y103.305 E.1375
G1 X116.695 Y95.97 E.34414
G1 X120.84 Y95.97 E.1375
G1 X124.03 Y99.16 E.14968
G1 X124.03 Y97.532 E.05401
; stop printing object prueba_base rueda loka.STL id:0 copy 0
;LAYER_CHANGE
;Z:1.8
;HEIGHT:0.2
;BEFORE_LAYER_CHANGE
;1.8
G92 E0

G1 E-.84 F2400
;WIPE_START
G1 F6000
G1 X124.03 Y98.532 E-.36
;WIPE_END
;_SET_FAN_SPEED_CHANGING_LAYER
; printing object prueba_base rueda loka.STL id:0 copy 0
G1 F9000
G1 X123.585 Y99.4895 Z1.85714
G1 X122.559 Y99.7383 Z1.91429
G1 X121.724 Y99.0909 Z1.97143
G1 X121.71 Y98.035 Z2.02857
G1 X122.527 Y97.3656 Z2.08571
G1 X123.56 Y97.5868 Z2.14286
G1 X124.03 Y98.532 Z2.2
G1 X124.376 Y124.376 Z2.2
G1 Z1.8
G1 E1.2 F1800
M204 P2000
;TYPE:Inner wall
;WIDTH:0.449999
G1 F3600
G1 X95.624 Y124.376 E.95379
G1 X95.624 Y95.624 E.95379
G1 X124.376 Y95.624 E.95379
G1 X124.376 Y124.336 E.95246
M204 T1000
G1 X124.79 Y124.79 F9000
M204 P1000
;TYPE:Outer wall
;WIDTH:0.419999
G1 F2400
G1 X95.21 Y124.79 E.90891
G1 X95.21 Y95.21 E.90891
G1 X124.79 Y95.21 E.90891
G1 X124.79 Y124.75 E.90768
M204 T2500
G1 E-.84
;WIPE_START
G1 X123.79 Y124.751 E-.36
;WIPE_END
G1 F9000
G1 X123.914 Y123.703 Z1.85714
G1 X124.811 Y123.146 Z1.91429
G1 X125.806 Y123.5 Z1.97143
G1 X126.149 Y124.498 Z2.02857
G1 X125.583 Y125.389 Z2.08571
G1 X124.533 Y125.502 Z2.14286
G1 X123.79 Y124.751 Z2.2
G1 X118.166 Y108.4 Z2.2
G1 Z1.8
G1 E1.2 F1800
M204 P2000
;TYPE:Inner wall
;WIDTH:0.449999
G1 F3600
G1 X118.039 Y108.382 E.00424
G1 X117.52 Y108.452 E.01738
G1 X117.07 Y108.683 E.01678
G1 X116.887 Y108.833 E.00783
G1 X116.544 Y109.281 E.01873
G1 X116.391 Y109.781 E.01733
G1 X116.401 Y110.258 E.01583
G1 X116.564 Y110.739 E.01686
G1 X116.676 Y110.93 E.00736
G1 X117.037 Y111.304 E.01725
G1 X117.495 Y111.531 E.01692
G1 X117.723 Y111.589 E.00783
G1 X118.224 Y111.607 E.01664
G1 X118.704 Y111.457 E.01665
G1 X119.082 Y111.203 E.01512
G1 X119.448 Y110.715 E.02023
G1 X119.535 Y110.511 E.00736
G1 X119.618 Y109.971 E.01814
G1 X119.516 Y109.433 E.01815
G1 X119.249 Y108.969 E.01775
G1 X118.907 Y108.666 E.01517
G1 X118.441 Y108.438 E.01721
G1 X118.205 Y108.405 E.00788
M204 T1000
G1 X118.117 Y108.796 F9000
M204 P1000
;TYPE:Outer wall
;WIDTH:0.419999
G1 F2400
G1 X117.708 Y108.826 E.01258
G1 X117.261 Y109.05 E.01538
G1 X116.939 Y109.425 E.01519
G1 X116.8 Y109.843 E.01354
G1 X116.803 Y110.147 E.00932
G1 X116.954 Y110.602 E.01475
G1 X117.219 Y110.922 E.01276
G1 X117.676 Y111.159 E.01581
G1 X118.169 Y111.195 E.01519
G1 X118.566 Y111.068 E.01281
G1 X118.83 Y110.875 E.01004
G1 X119.106 Y110.483 E.01475
G1 X119.205 Y110.079 E.01276
G1 X119.163 Y109.673 E.01255
G1 X118.987 Y109.303 E.01259
G1 X118.763 Y109.066 E.01004
G1 X118.338 Y108.842 E.01475
G1 X118.156 Y108.804 E.00573
M204 T2500
G1 E-.84
;WIPE_START
G1 X117.708 Y108.826 E-.16132
G1 X117.261 Y109.05 E-.18019
G1 X117.227 Y109.089 E-.01849
;WIPE_END
G1 F9000
G1 X116.298 Y108.588 Z1.85714
G1 X116.11 Y107.549 Z1.91429
G1 X116.806 Y106.754 Z1.97143
G1 X117.861 Y106.802 Z2.02857
G1 X118.481 Y107.657 Z2.08571
G1 X118.199 Y108.675 Z2.14286
G1 X117.227 Y109.089 Z2.2
G1 X102.165 Y108.399 Z2.2
G1 Z1.8
G1 E1.2 F1800
M204 P2000
;TYPE:Inner wall
;WIDTH:0.449999
G1 F3600
G1 X102.039 Y108.382 E.0042
G1 X101.498 Y108.462 E.01814
G1 X101.014 Y108.717 E.01815
G1 X100.643 Y109.118 E.01814
G1 X100.427 Y109.621 E.01814
G1 X100.39 Y110.167 E.01814
G1 X100.538 Y110.693 E.01815
G1 X100.852 Y111.141 E.01815
G1 X101.286 Y111.454 E.01775
G1 X101.723 Y111.589 E.01517
G1 X102.233 Y111.606 E.01693
G1 X102.702 Y111.458 E.01631
G1 X103.148 Y111.141 E.01814
G1 X103.277 Y110.994 E.00651
G1 X103.529 Y110.537 E.0173
G1 X103.623 Y110.041 E.01675
G1 X103.548 Y109.512 E.01771
G1 X103.303 Y109.032 E.01789
G1 X102.938 Y108.675 E.01693
G1 X102.434 Y108.436 E.01852
G1 X102.204 Y108.405 E.00767
M204 T1000
G1 X102.125 Y108.798 F9000
M204 P1000
;TYPE:Outer wall
;WIDTH:0.419999
G1 F2400
G1 X102.117 Y108.796 E.00025
G1 X101.723 Y108.824 E.01213
G1 X101.347 Y108.984 E.01255
G1 X101.046 Y109.259 E.01255
G1 X100.853 Y109.619 E.01255
G1 X100.795 Y110.079 E.01425
G1 X100.869 Y110.424 E.01083
G1 X101.075 Y110.777 E.01255
G1 X101.387 Y111.041 E.01259
G1 X101.69 Y111.165 E.01004
G1 X102.169 Y111.195 E.01475
G1 X102.564 Y111.068 E.01276
G1 X102.888 Y110.819 E.01255
G1 X103.11 Y110.477 E.01255
G1 X103.205 Y110.079 E.01255
G1 X103.163 Y109.673 E.01255
G1 X102.988 Y109.305 E.01255
G1 X102.7 Y109.015 E.01255
G1 X102.332 Y108.838 E.01255
G1 X102.164 Y108.805 E.00525
M204 T2500
G1 E-.84
;WIPE_START
G1 X102.117 Y108.796 E-.01739
G1 X101.723 Y108.824 E-.14209
G1 X101.347 Y108.984 E-.147
G1 X101.237 Y109.084 E-.05352
;WIPE_END
G1 F9000
G1 X100.564 Y109.897 Z1.85714
G1 X99.5078 Y109.877 Z1.91429
G1 X98.8649 Y109.04 Z1.97143
G1 X99.119 Y108.015 Z2.02857
G1 X100.079 Y107.574 Z2.08571
G1 X101.022 Y108.05 Z2.14286
G1 X101.237 Y109.084 Z2.2
G1 X97.532 Y124.03 Z2.2
G1 Z1.8
G1 E1.2 F1800
M204 P2500
;TYPE:Sparse infill
;WIDTH:0.45
G1 F6000
G1 X99.16 Y124.03 E.05401
G1 X95.97 Y120.84 E.14968
G1 X95.97 Y116.695 E.1375
G1 X103.305 Y124.03 E.34414
G1 X107.45 Y124.03 E.1375
G1 X95.97 Y112.55 E.53859
G1 X95.97 Y108.405 E.1375
G1 X111.595 Y124.03 E.73304
G1 X115.74 Y124.03 E.1375
G1 X103.226 Y111.517 E.58705
G1 X103.086 Y111.636 E.00611
G1 X102.918 Y111.743 E.00663
G1 X102.474 Y111.906 E.01566
G1 X102.185 Y111.955 E.00973
G1 X101.697 Y111.934 E.01623
G1 X101.429 Y111.879 E.00906
G1 X101.035 Y111.719 E.0141
G1 X100.627 Y111.404 E.01712
G1 X100.434 Y111.185 E.00966
G1 X100.237 Y110.864 E.0125
G1 X100.129 Y110.596 E.0096
G1 X100.044 Y110.201 E.0134
G1 X100.031 Y110.042 E.00528
G1 X100.085 Y109.566 E.01591
G1 X100.17 Y109.288 E.00963
G1 X100.339 Y108.952 E.0125
G1 X100.476 Y108.766 E.00764
G1 X95.97 Y104.26 E.21143
G1 X95.97 Y100.115 E.1375
G1 X119.885 Y124.03 E1.12194
G1 X124.03 Y124.03 E.1375
G1 X95.97 Y95.97 E1.31639
G1 X100.115 Y95.97 E.1375
G1 X124.03 Y119.885 E1.12194
G1 X124.03 Y115.74 E.1375
G1 X119.517 Y111.227 E.21172
G1 X119.82 Y110.757 E.01854
G1 X119.949 Y110.234 E.01788
G1 X119.97 Y110.044 E.00635
G1 X119.915 Y109.566 E.01596
G1 X119.83 Y109.288 E.00964
G1 X119.66 Y108.951 E.01252
G1 X119.502 Y108.731 E.00899
G1 X119.185 Y108.43 E.0145
G1 X118.673 Y108.16 E.01919
G1 X118.425 Y108.078 E.00867
G1 X118.023 Y108.036 E.01343
G1 X117.575 Y108.078 E.0149
G1 X117.391 Y108.13 E.00635
G1 X116.901 Y108.381 E.01828
G1 X116.769 Y108.479 E.00544
G1 X104.26 Y95.97 E.58683
G1 X108.405 Y95.97 E.1375
G1 X124.03 Y111.595 E.73304
G1 X124.03 Y107.45 E.1375
G1 X112.55 Y95.97 E.53859
G1 X116.695 Y95.97 E.1375
G1 X124.03 Y103.305 E.34414
G1 X124.03 Y99.16 E.1375
G1 X120.84 Y95.97 E.14969
G1 X122.468 Y95.97 E.05401
; stop printing object prueba_base rueda loka.STL id:0 copy 0
;LAYER_CHANGE
;Z:2
;HEIGHT:0.2
;BEFORE_LAYER_CHANGE
;2
G92 E0

G1 E-.84 F2400
;WIPE_START
G1 F6000
G1 X121.468 Y95.97 E-.36
;WIPE_END
;_SET_FAN_SPEED_CHANGING_LAYER
; printing object prueba_base rueda loka.STL id:0 copy 0
G1 F9000
G1 X121.109 Y96.9627 Z2.05714
G1 X120.109 Y97.3014 Z2.11429
G1 X119.22 Y96.7305 Z2.17143
G1 X119.113 Y95.6799 Z2.22857
G1 X119.867 Y94.9408 Z2.28571
G1 X120.915 Y95.0697 Z2.34286
G1 X121.468 Y95.9696 Z2.4
G1 X124.376 Y124.376 Z2.4
G1 Z2
G1 E1.2 F1800
M204 P2000
;TYPE:Inner wall
;WIDTH:0.449999
G1 F3600
G1 X95.624 Y124.376 E.95379
G1 X95.624 Y95.624 E.95379
G1 X124.376 Y95.624 E.95379
G1 X124.376 Y124.336 E.95246
M204 T1000
G1 X124.79 Y124.79 F9000
M204 P1000
;TYPE:Outer wall
;WIDTH:0.419999
G1 F2400
G1 X95.21 Y124.79 E.90891
G1 X95.21 Y95.21 E.90891
G1 X124.79 Y95.21 E.90891
G1 X124.79 Y124.75 E.90768
M204 T2500
G1 E-.84
;WIPE_START
G1 X123.79 Y124.751 E-.36
;WIPE_END
G1 F9000
G1 X123.915 Y123.703 Z2.05714
G1 X124.812 Y123.146 Z2.11429
G1 X125.807 Y123.501 Z2.17143
G1 X126.15 Y124.5 Z2.22857
G1 X125.582 Y125.391 Z2.28571
G1 X124.532 Y125.503 Z2.34286
G1 X123.79 Y124.751 Z2.4
G1 X118.183 Y108.4 Z2.4
G1 Z2
G1 E1.2 F1800
M204 P2000
;TYPE:Inner wall
;WIDTH:0.449999
G1 F3600
G1 X118.081 Y108.38 E.00345
G1 X117.558 Y108.438 E.01744
G1 X117.062 Y108.675 E.01824
G1 X116.697 Y109.031 E.01691
G1 X116.465 Y109.474 E.01659
G1 X116.382 Y109.971 E.01669
G1 X116.39 Y110.167 E.00651
G1 X116.516 Y110.655 E.01673
G1 X116.813 Y111.107 E.01794
G1 X117.236 Y111.432 E.01768
G1 X117.723 Y111.6 E.01712
G1 X118.246 Y111.605 E.01733
G1 X118.622 Y111.495 E.013
G1 X119.022 Y111.249 E.01558
G1 X119.375 Y110.863 E.01733
G1 X119.558 Y110.436 E.01542
G1 X119.615 Y109.892 E.01814
G1 X119.52 Y109.442 E.01527
G1 X119.291 Y109.032 E.01558
G1 X118.914 Y108.658 E.01761
G1 X118.502 Y108.462 E.01515
G1 X118.222 Y108.407 E.00945
M204 T1000
G1 X118.117 Y108.796 F9000
M204 P1000
;TYPE:Outer wall
;WIDTH:0.419999
G1 F2400
G1 X117.723 Y108.824 E.01213
G1 X117.347 Y108.984 E.01255
G1 X117.046 Y109.259 E.01255
G1 X116.848 Y109.631 E.01295
G1 X116.792 Y110.023 E.01216
G1 X116.869 Y110.424 E.01255
G1 X117.061 Y110.754 E.01172
G1 X117.386 Y111.041 E.01333
G1 X117.768 Y111.186 E.01255
G1 X118.176 Y111.195 E.01255
G1 X118.391 Y111.145 E.00678
G1 X118.68 Y110.996 E.00999
G1 X119.009 Y110.662 E.01441
G1 X119.175 Y110.282 E.01274
G1 X119.202 Y109.875 E.01255
G1 X119.16 Y109.658 E.00678
G1 X119.024 Y109.363 E.00999
G1 X118.704 Y109.02 E.01441
G1 X118.332 Y108.838 E.01274
G1 X118.156 Y108.804 E.0055
M204 T2500
G1 E-.84
;WIPE_START
G1 X117.723 Y108.824 E-.15603
G1 X117.347 Y108.984 E-.147
G1 X117.23 Y109.09 E-.05697
;WIPE_END
G1 F9000
G1 X116.301 Y108.589 Z2.05714
G1 X116.113 Y107.55 Z2.11429
G1 X116.809 Y106.755 Z2.17143
G1 X117.864 Y106.804 Z2.22857
G1 X118.484 Y107.659 Z2.28571
G1 X118.202 Y108.676 Z2.34286
G1 X117.23 Y109.09 Z2.4
G1 X102.165 Y108.399 Z2.4
G1 Z2
G1 E1.2 F1800
M204 P2000
;TYPE:Inner wall
;WIDTH:0.449999
G1 F3600
G1 X102.039 Y108.382 E.0042
G1 X101.498 Y108.462 E.01814
G1 X101.014 Y108.717 E.01815
G1 X100.643 Y109.118 E.01814
G1 X100.427 Y109.621 E.01814
G1 X100.39 Y110.167 E.01814
G1 X100.538 Y110.693 E.01814
G1 X100.852 Y111.141 E.01815
G1 X101.289 Y111.455 E.01783
G1 X101.738 Y111.592 E.01558
G1 X102.303 Y111.595 E.01875
G1 X102.817 Y111.403 E.01819
G1 X103.206 Y111.075 E.01688
G1 X103.484 Y110.655 E.01671
G1 X103.61 Y110.167 E.01673
G1 X103.618 Y109.971 E.00651
G1 X103.535 Y109.474 E.01669
G1 X103.303 Y109.031 E.01659
G1 X102.938 Y108.675 E.01691
G1 X102.434 Y108.436 E.01852
G1 X102.204 Y108.405 E.00767
M204 T1000
G1 X102.126 Y108.798 F9000
M204 P1000
;TYPE:Outer wall
;WIDTH:0.419999
G1 F2400
G1 X102.117 Y108.796 E.0003
G1 X101.723 Y108.824 E.01213
G1 X101.347 Y108.984 E.01255
G1 X101.046 Y109.259 E.01255
G1 X100.853 Y109.619 E.01255
G1 X100.795 Y110.079 E.01425
G1 X100.869 Y110.424 E.01083
G1 X101.075 Y110.777 E.01255
G1 X101.388 Y111.041 E.01259
G1 X101.702 Y111.168 E.01041
G1 X102.17 Y111.195 E.01441
G1 X102.566 Y111.068 E.01278
G1 X102.838 Y110.867 E.01041
G1 X103.092 Y110.504 E.01358
G1 X103.205 Y110.079 E.01351
G1 X103.163 Y109.673 E.01255
G1 X102.988 Y109.305 E.01255
G1 X102.7 Y109.015 E.01255
G1 X102.332 Y108.838 E.01255
G1 X102.165 Y108.806 E.00521
M204 T2500
G1 E-.84
;WIPE_START
G1 X102.117 Y108.796 E-.01787
G1 X101.723 Y108.824 E-.14209
G1 X101.347 Y108.984 E-.147
G1 X101.238 Y109.083 E-.05303
;WIPE_END
G1 F9000
G1 X100.565 Y109.896 Z2.05714
G1 X99.5088 Y109.876 Z2.11429
G1 X98.8659 Y109.039 Z2.17143
G1 X99.12 Y108.014 Z2.22857
G1 X100.08 Y107.573 Z2.28571
G1 X101.023 Y108.049 Z2.34286
G1 X101.238 Y109.083 Z2.4
G1 X97.532 Y124.03 Z2.4
G1 Z2
G1 E1.2 F1800
M204 P2500
;TYPE:Sparse infill
;WIDTH:0.45
G1 F6000
G1 X99.16 Y124.03 E.05401
G1 X95.97 Y120.84 E.14968
G1 X95.97 Y116.695 E.1375
G1 X103.305 Y124.03 E.34414
G1 X107.45 Y124.03 E.1375
G1 X95.97 Y112.55 E.53859
G1 X95.97 Y108.405 E.1375
G1 X111.595 Y124.03 E.73304
G1 X115.74 Y124.03 E.1375
G1 X103.228 Y111.518 E.58699
G1 X103.074 Y111.645 E.00662
G1 X102.913 Y111.745 E.00628
G1 X102.475 Y111.906 E.0155
G1 X102.186 Y111.955 E.00972
G1 X101.713 Y111.937 E.01569
G1 X101.444 Y111.883 E.0091
G1 X101.037 Y111.72 E.01453
G1 X100.627 Y111.404 E.0172
G1 X100.434 Y111.185 E.00966
G1 X100.237 Y110.864 E.0125
G1 X100.129 Y110.596 E.0096
G1 X100.044 Y110.201 E.0134
G1 X100.031 Y110.042 E.00528
G1 X100.085 Y109.566 E.01591
G1 X100.17 Y109.288 E.00963
G1 X100.339 Y108.952 E.0125
G1 X100.476 Y108.766 E.00764
G1 X95.97 Y104.26 E.21143
G1 X95.97 Y100.115 E.1375
G1 X119.885 Y124.03 E1.12194
G1 X124.03 Y124.03 E.1375
G1 X95.97 Y95.97 E1.31639
G1 X100.115 Y95.97 E.1375
G1 X124.03 Y119.885 E1.12194
G1 X124.03 Y115.74 E.1375
G1 X119.518 Y111.228 E.2117
G1 X119.669 Y111.048 E.00778
G1 X119.884 Y110.556 E.01782
G1 X119.945 Y110.271 E.00967
G1 X119.962 Y109.859 E.01368
G1 X119.902 Y109.493 E.01229
G1 X119.836 Y109.299 E.00679
G1 X119.703 Y109.024 E.01015
G1 X119.548 Y108.8 E.00904
G1 X119.246 Y108.487 E.01442
G1 X119.112 Y108.373 E.00584
G1 X118.971 Y108.294 E.00537
G1 X118.53 Y108.103 E.01592
G1 X118.238 Y108.046 E.00989
G1 X118.018 Y108.037 E.00728
G1 X117.574 Y108.078 E.01481
G1 X117.363 Y108.143 E.00732
G1 X116.937 Y108.341 E.01557
G1 X116.766 Y108.476 E.00723
G1 X104.26 Y95.97 E.58668
G1 X108.405 Y95.97 E.1375
G1 X124.03 Y111.595 E.73304
G1 X124.03 Y107.45 E.1375
G1 X112.55 Y95.97 E.53859
G1 X116.695 Y95.97 E.1375
G1 X124.03 Y103.305 E.34414
G1 X124.03 Y99.16 E.1375
G1 X120.84 Y95.97 E.14969
G1 X122.468 Y95.97 E.05401
; stop printing object prueba_base rueda loka.STL id:0 copy 0
;LAYER_CHANGE
;Z:2.2
;HEIGHT:0.2
;BEFORE_LAYER_CHANGE
;2.2
G92 E0

G1 E-.84 F2400
;WIPE_START
G1 F6000
G1 X121.468 Y95.97 E-.36
;WIPE_END
;_SET_FAN_SPEED_CHANGING_LAYER
; printing object prueba_base rueda loka.STL id:0 copy 0
G1 F9000
G1 X121.109 Y96.9627 Z2.25714
G1 X120.109 Y97.3014 Z2.31429
G1 X119.22 Y96.7305 Z2.37143
G1 X119.113 Y95.6799 Z2.42857
G1 X119.867 Y94.9408 Z2.48571
G1 X120.915 Y95.0697 Z2.54286
G1 X121.468 Y95.9696 Z2.6
G1 X124.376 Y124.376 Z2.6
G1 Z2.2
G1 E1.2 F1800
M204 P2000
;TYPE:Inner wall
;WIDTH:0.449999
G1 F3600
G1 X95.624 Y124.376 E.95379
G1 X95.624 Y95.624 E.95379
G1 X124.376 Y95.624 E.95379
G1 X124.376 Y124.336 E.95246
M204 T1000
G1 X124.79 Y124.79 F9000
M204 P1000
;TYPE:Outer wall
;WIDTH:0.419999
G1 F2400
G1 X95.21 Y124.79 E.90891
G1 X95.21 Y95.21 E.90891
G1 X124.79 Y95.21 E.90891
G1 X124.79 Y124.75 E.90768
M204 T2500
G1 E-.84
;WIPE_START
G1 X123.79 Y124.751 E-.36
;WIPE_END
G1 F9000
G1 X123.911 Y123.702 Z2.25714
G1 X124.806 Y123.142 Z2.31429
G1 X125.802 Y123.493 Z2.37143
G1 X126.149 Y124.491 Z2.42857
G1 X125.585 Y125.384 Z2.48571
G1 X124.535 Y125.5 Z2.54286
G1 X123.79 Y124.751 Z2.6
G1 X118.106 Y108.392 Z2.6
G1 Z2.2
G1 E1.2 F1800
M204 P2000
;TYPE:Inner wall
;WIDTH:0.449999
G1 F3600
G1 X117.688 Y108.412 E.01389
G1 X117.376 Y108.503 E.01079
G1 X116.95 Y108.765 E.01659
G1 X116.611 Y109.173 E.01758
G1 X116.434 Y109.576 E.0146
G1 X116.389 Y110.094 E.01726
G1 X116.498 Y110.617 E.01774
G1 X116.778 Y111.07 E.01765
G1 X117.177 Y111.395 E.01707
G1 X117.68 Y111.591 E.01791
G1 X118.176 Y111.609 E.01647
G1 X118.704 Y111.457 E.0182
G1 X119.102 Y111.184 E.01604
G1 X119.452 Y110.709 E.01955
G1 X119.535 Y110.511 E.00713
G1 X119.618 Y109.97 E.01815
G1 X119.519 Y109.44 E.01791
G1 X119.282 Y109.02 E.01599
G1 X118.913 Y108.657 E.01718
G1 X118.502 Y108.462 E.01509
G1 X118.187 Y108.388 E.01074
G1 X118.146 Y108.39 E.00135
M204 T1000
G1 X118.117 Y108.796 F9000
M204 P1000
;TYPE:Outer wall
;WIDTH:0.419999
G1 F2400
G1 X117.723 Y108.824 E.01213
G1 X117.513 Y108.892 E.00678
G1 X117.229 Y109.073 E.01036
G1 X116.938 Y109.427 E.01407
G1 X116.847 Y109.634 E.00694
G1 X116.795 Y110.02 E.01198
G1 X116.868 Y110.419 E.01244
G1 X117.076 Y110.778 E.01275
G1 X117.34 Y111.009 E.01078
G1 X117.763 Y111.184 E.01407
G1 X118.176 Y111.195 E.01271
G1 X118.566 Y111.068 E.01259
G1 X118.847 Y110.858 E.01078
G1 X119.107 Y110.481 E.01407
G1 X119.205 Y110.079 E.01271
G1 X119.163 Y109.672 E.01259
G1 X119.017 Y109.353 E.01078
G1 X118.704 Y109.019 E.01407
G1 X118.332 Y108.838 E.01271
G1 X118.156 Y108.804 E.0055
M204 T2500
G1 E-.84
;WIPE_START
G1 X117.723 Y108.824 E-.15603
G1 X117.513 Y108.892 E-.07942
G1 X117.229 Y109.073 E-.12138
G1 X117.223 Y109.08 E-.00317
;WIPE_END
G1 F9000
G1 X116.293 Y108.579 Z2.25714
G1 X116.106 Y107.54 Z2.31429
G1 X116.801 Y106.745 Z2.37143
G1 X117.856 Y106.793 Z2.42857
G1 X118.476 Y107.648 Z2.48571
G1 X118.194 Y108.665 Z2.54286
G1 X117.223 Y109.08 Z2.6
G1 X102.168 Y108.393 Z2.6
G1 Z2.2
G1 E1.2 F1800
M204 P2000
;TYPE:Inner wall
;WIDTH:0.449999
G1 F3600
G1 X102.039 Y108.382 E.00428
G1 X101.498 Y108.462 E.01814
G1 X101.014 Y108.717 E.01815
G1 X100.643 Y109.118 E.01814
G1 X100.427 Y109.621 E.01814
G1 X100.39 Y110.167 E.01814
G1 X100.465 Y110.511 E.0117
G1 X100.723 Y110.994 E.01814
G1 X101.127 Y111.362 E.01814
G1 X101.63 Y111.576 E.01814
G1 X102.176 Y111.609 E.01815
G1 X102.495 Y111.545 E.01079
G1 X102.941 Y111.319 E.01658
G1 X103.311 Y110.945 E.01747
G1 X103.427 Y110.763 E.00713
G1 X103.598 Y110.275 E.01717
G1 X103.607 Y109.771 E.01671
G1 X103.454 Y109.278 E.01714
G1 X103.148 Y108.857 E.01727
G1 X102.711 Y108.542 E.01785
G1 X102.235 Y108.399 E.01651
G1 X102.208 Y108.396 E.00091
M204 T1000
G1 X102.131 Y108.799 F9000
M204 P1000
;TYPE:Outer wall
;WIDTH:0.419999
G1 F2400
G1 X101.723 Y108.824 E.01255
G1 X101.347 Y108.984 E.01255
G1 X101.046 Y109.259 E.01255
G1 X100.853 Y109.619 E.01255
G1 X100.795 Y110.079 E.01425
G1 X100.869 Y110.424 E.01083
G1 X101.075 Y110.777 E.01255
G1 X101.386 Y111.041 E.01255
G1 X101.768 Y111.186 E.01255
G1 X102.007 Y111.195 E.00736
G1 X102.391 Y111.145 E.01189
G1 X102.69 Y110.989 E.01036
G1 X103.01 Y110.661 E.01407
G1 X103.175 Y110.282 E.01271
G1 X103.202 Y109.875 E.01255
G1 X103.091 Y109.48 E.0126
G1 X102.893 Y109.19 E.01078
G1 X102.528 Y108.914 E.01407
G1 X102.169 Y108.81 E.01148
M204 T2500
G1 E-.84
;WIPE_START
G1 X101.723 Y108.824 E-.16063
G1 X101.347 Y108.984 E-.147
G1 X101.24 Y109.082 E-.05237
;WIPE_END
G1 F9000
G1 X101.921 Y109.889 Z2.25714
G1 X101.714 Y110.925 Z2.31429
G1 X100.775 Y111.409 Z2.37143
G1 X99.8116 Y110.977 Z2.42857
G1 X99.5485 Y109.954 Z2.48571
G1 X100.184 Y109.111 Z2.54286
G1 X101.24 Y109.082 Z2.6
G1 X103.958 Y110.3 Z2.6
G1 Z2.2
G1 E1.2 F1800
M204 P2500
;TYPE:Internal solid infill
;WIDTH:0.38292
G1 F6000
G1 X103.932 Y109.624 E.01873
G1 X103.781 Y109.121 E.01457
G1 X103.468 Y108.672 E.01514
G1 X102.982 Y108.296 E.01704
G1 X102.756 Y108.173 E.00713
G1 X102.112 Y108.031 E.01828
G1 X101.675 Y108.058 E.01211
G1 X101.077 Y108.257 E.01747
G1 X100.757 Y108.462 E.01052
G1 X100.493 Y108.721 E.01024
G1 X100.317 Y108.962 E.00829
G1 X100.153 Y109.296 E.01029
G1 X100.067 Y109.584 E.00834
G1 X100.032 Y110.169 E.01624
G1 X100.121 Y110.612 E.01252
G1 X100.234 Y110.889 E.00829
G1 X100.532 Y111.314 E.01437
G1 X101.021 Y111.715 E.01752
G1 X101.454 Y111.89 E.01293
G1 X101.86 Y111.96 E.01143
G1 X102.377 Y111.931 E.01434
G1 X102.712 Y111.852 E.00953
G1 X103.161 Y111.592 E.01438
G1 X103.661 Y111.08 E.01984
G1 X103.892 Y110.575 E.01538
G1 X103.948 Y110.339 E.00673
G1 E-.84 F2400
;WIPE_START
G1 F6000
G1 X103.892 Y110.575 E-.0874
G1 X103.661 Y111.08 E-.19985
G1 X103.52 Y111.225 E-.07275
;WIPE_END
G1 F9000
G1 X102.564 Y110.776 Z2.25714
G1 X102.319 Y109.749 Z2.31429
G1 X102.968 Y108.917 Z2.37143
G1 X104.024 Y108.906 Z2.42857
G1 X104.691 Y109.725 Z2.48571
G1 X104.467 Y110.757 Z2.54286
G1 X103.52 Y111.225 Z2.6
G1 X96.347 Y111.298 Z2.6
G1 Z2.2
G1 E1.2 F1800
;TYPE:Sparse infill
;WIDTH:0.45
G1 F6000
G1 X96.347 Y112.927 E.05401
G1 X107.073 Y123.653 E.50321
G1 X111.218 Y123.653 E.1375
G1 X96.347 Y108.782 E.69766
G1 X96.347 Y104.637 E.1375
G1 X100.209 Y108.5 E.18121
G1 X100.008 Y108.772 E.01125
G1 X99.829 Y109.127 E.01319
G1 X99.712 Y109.507 E.01317
G1 X99.662 Y109.897 E.01304
G1 X99.679 Y110.294 E.01318
G1 X99.762 Y110.685 E.01328
G1 X99.912 Y111.057 E.01329
G1 X100.157 Y111.434 E.01493
G1 X100.393 Y111.689 E.01152
G1 X100.65 Y111.907 E.01118
G1 X100.993 Y112.108 E.01317
G1 X101.358 Y112.246 E.01294
G1 X101.826 Y112.325 E.01575
G1 X102.144 Y112.331 E.01054
G1 X102.593 Y112.265 E.01509
G1 X102.843 Y112.192 E.00863
G1 X103.327 Y111.93 E.01826
G1 X103.5 Y111.79 E.00737
G1 X115.363 Y123.653 E.55652
G1 X119.508 Y123.653 E.1375
G1 X96.347 Y100.492 E1.08656
G1 X96.347 Y96.347 E.1375
G1 X123.653 Y123.653 E1.28101
G1 X123.653 Y119.508 E.1375
G1 X100.492 Y96.347 E1.08656
G1 X104.637 Y96.347 E.1375
G1 X116.501 Y108.211 E.55658
G1 X116.835 Y107.973 E.0136
G1 X117.218 Y107.794 E.01402
G1 X117.5 Y107.706 E.00981
G1 X118.009 Y107.659 E.01695
G1 X118.555 Y107.723 E.01822
G1 X118.897 Y107.851 E.01213
G1 X119.346 Y108.078 E.01669
G1 X119.829 Y108.544 E.02227
G1 X120.001 Y108.788 E.0099
G1 X120.181 Y109.147 E.01332
G1 X120.286 Y109.489 E.01185
G1 X120.348 Y110.037 E.01832
G1 X120.329 Y110.257 E.00731
G1 X120.233 Y110.707 E.01525
G1 X120.084 Y111.063 E.01281
G1 X119.791 Y111.5 E.01748
G1 X123.653 Y115.363 E.18121
G1 X123.653 Y111.218 E.1375
G1 X108.782 Y96.347 E.69766
G1 X107.153 Y96.347 E.05401
G1 X95.985 Y96.143 F9000
;TYPE:Internal solid infill
;WIDTH:0.383054
G1 F6000
G1 X95.986 Y123.884 E.76889
G1 X96.012 Y123.988 E.00295
G1 X96.143 Y124.015 E.00371
G1 X123.884 Y124.014 E.76889
G1 X123.988 Y123.988 E.00295
G1 X124.015 Y123.857 E.00371
G1 X124.015 Y96.143 E.76813
G1 X123.988 Y96.012 E.00371
G1 X123.857 Y95.985 E.00371
G1 X96.116 Y95.986 E.76889
G1 X96.012 Y96.012 E.00295
G1 X95.993 Y96.104 E.0026
G1 X116.045 Y110.156 F9000
;WIDTH:0.38298
G1 F6000
G1 X116.142 Y110.689 E.01501
G1 X116.495 Y111.281 E.01911
G1 X116.985 Y111.695 E.01778
G1 X117.642 Y111.945 E.01948
G1 X118.168 Y111.97 E.01461
G1 X118.493 Y111.915 E.00913
G1 X118.976 Y111.727 E.01436
G1 X119.359 Y111.434 E.01336
G1 X119.748 Y110.917 E.01792
G1 X119.889 Y110.582 E.01007
G1 X119.983 Y110.026 E.01562
G1 X119.93 Y109.562 E.01295
G1 X119.709 Y109.029 E.01599
G1 X119.537 Y108.781 E.00837
G1 X119.14 Y108.386 E.01551
G1 X118.547 Y108.103 E.0182
G1 X118.042 Y108.024 E.01417
G1 X117.546 Y108.071 E.01381
G1 X117.051 Y108.269 E.01478
G1 X116.647 Y108.568 E.01393
G1 X116.329 Y108.96 E.01398
G1 X116.156 Y109.284 E.01015
G1 X116.055 Y109.69 E.0116
G1 X116.046 Y110.116 E.0118
G1 E-.84 F2400
;WIPE_START
G1 F6000
G1 X116.055 Y109.69 E-.15332
G1 X116.156 Y109.284 E-.15076
G1 X116.229 Y109.147 E-.05593
;WIPE_END
G1 F9000
G1 X117.207 Y109.547 Z2.25714
G1 X117.503 Y110.561 Z2.31429
G1 X116.895 Y111.424 Z2.37143
G1 X115.841 Y111.487 Z2.42857
G1 X115.134 Y110.703 Z2.48571
G1 X115.307 Y109.661 Z2.54286
G1 X116.229 Y109.147 Z2.6
G1 X123.653 Y108.702 Z2.6
G1 Z2.2
G1 E1.2 F1800
;TYPE:Sparse infill
;WIDTH:0.45
G1 F6000
G1 X123.653 Y107.073 E.05401
G1 X112.927 Y96.347 E.50321
G1 X117.072 Y96.347 E.1375
G1 X123.653 Y102.928 E.30876
G1 X123.653 Y98.783 E.1375
G1 X121.217 Y96.347 E.1143
G1 X122.845 Y96.347 E.05401
G1 X101.3 Y123.653 F9000
G1 F6000
G1 X102.928 Y123.653 E.05401
G1 X96.347 Y117.072 E.30876
G1 X96.347 Y121.217 E.1375
G1 X98.783 Y123.653 E.1143
G1 X97.155 Y123.653 E.05401
; stop printing object prueba_base rueda loka.STL id:0 copy 0
;LAYER_CHANGE
;Z:2.4
;HEIGHT:0.2
;BEFORE_LAYER_CHANGE
;2.4
G92 E0

G1 E-.84 F2400
;WIPE_START
G1 F6000
G1 X98.155 Y123.653 E-.36
;WIPE_END
;_SET_FAN_SPEED_CHANGING_LAYER
; printing object prueba_base rueda loka.STL id:0 copy 0
G1 F9000
G1 X99.0934 Y124.138 Z2.45714
G1 X99.2999 Y125.173 Z2.51429
G1 X98.619 Y125.98 Z2.57143
G1 X97.5633 Y125.951 Z2.62857
G1 X96.9279 Y125.108 Z2.68571
G1 X97.1912 Y124.085 Z2.74286
G1 X98.1549 Y123.653 Z2.8
G1 X124.376 Y124.376 Z2.8
G1 Z2.4
G1 E1.2 F1800
M204 P2000
;TYPE:Inner wall
;WIDTH:0.449999
G1 F3600
G1 X95.624 Y124.376 E.95379
G1 X95.624 Y95.624 E.95379
G1 X124.376 Y95.624 E.95379
G1 X124.376 Y124.336 E.95246
M204 T1000
G1 X124.79 Y124.79 F9000
M204 P1000
;TYPE:Outer wall
;WIDTH:0.419999
G1 F2400
G1 X95.21 Y124.79 E.90891
G1 X95.21 Y95.21 E.90891
G1 X124.79 Y95.21 E.90891
G1 X124.79 Y124.75 E.90768
M204 T2500
G1 E-.84
;WIPE_START
G1 X123.79 Y124.751 E-.36
;WIPE_END
G1 F9000
G1 X123.91 Y123.702 Z2.45714
G1 X124.806 Y123.142 Z2.51429
G1 X125.802 Y123.493 Z2.57143
G1 X126.149 Y124.49 Z2.62857
G1 X125.585 Y125.383 Z2.68571
G1 X124.535 Y125.5 Z2.74286
G1 X123.79 Y124.751 Z2.8
G1 X118.103 Y108.393 Z2.8
G1 Z2.4
G1 E1.2 F1800
M204 P2000
;TYPE:Inner wall
;WIDTH:0.449999
G1 F3600
G1 X117.622 Y108.421 E.01598
G1 X117.117 Y108.638 E.01824
G1 X116.727 Y108.995 E.01753
G1 X116.467 Y109.471 E.01798
G1 X116.382 Y109.971 E.01682
G1 X116.39 Y110.166 E.0065
G1 X116.517 Y110.657 E.01681
G1 X116.779 Y111.071 E.01625
G1 X117.178 Y111.4 E.01716
G1 X117.693 Y111.594 E.01824
G1 X118.176 Y111.609 E.01605
G1 X118.702 Y111.458 E.01814
G1 X119.147 Y111.142 E.01811
G1 X119.462 Y110.693 E.01817
G1 X119.614 Y110.145 E.01889
G1 X119.573 Y109.621 E.01743
G1 X119.357 Y109.118 E.01814
G1 X119.022 Y108.746 E.01661
G1 X118.516 Y108.468 E.01916
G1 X118.187 Y108.388 E.01123
G1 X118.143 Y108.391 E.00145
M204 T1000
G1 X118.117 Y108.796 F9000
M204 P1000
;TYPE:Outer wall
;WIDTH:0.419999
G1 F2400
G1 X117.723 Y108.824 E.01213
G1 X117.347 Y108.984 E.01255
G1 X117.046 Y109.258 E.01252
G1 X116.853 Y109.619 E.01257
G1 X116.792 Y110.023 E.01255
G1 X116.884 Y110.466 E.01389
G1 X117.075 Y110.777 E.01122
G1 X117.386 Y111.041 E.01255
G1 X117.768 Y111.186 E.01255
G1 X118.176 Y111.195 E.01255
G1 X118.564 Y111.068 E.01255
G1 X118.887 Y110.82 E.01252
G1 X119.11 Y110.477 E.01257
G1 X119.205 Y110.079 E.01255
G1 X119.163 Y109.673 E.01255
G1 X118.988 Y109.305 E.01255
G1 X118.732 Y109.042 E.01126
G1 X118.336 Y108.84 E.01368
G1 X118.156 Y108.804 E.00563
M204 T2500
G1 E-.84
;WIPE_START
G1 X117.723 Y108.824 E-.15602
G1 X117.347 Y108.984 E-.147
G1 X117.23 Y109.09 E-.05699
;WIPE_END
G1 F9000
G1 X116.301 Y108.589 Z2.45714
G1 X116.113 Y107.55 Z2.51429
G1 X116.808 Y106.755 Z2.57143
G1 X117.863 Y106.803 Z2.62857
G1 X118.483 Y107.658 Z2.68571
G1 X118.202 Y108.676 Z2.74286
G1 X117.23 Y109.09 Z2.8
G1 X102.281 Y108.411 Z2.8
G1 Z2.4
G1 E1.2 F1800
M204 P2000
;TYPE:Inner wall
;WIDTH:0.449999
G1 F3600
G1 X102.228 Y108.396 E.00181
G1 X101.766 Y108.399 E.01534
G1 X101.245 Y108.568 E.01817
G1 X100.812 Y108.901 E.01814
G1 X100.514 Y109.36 E.01813
G1 X100.385 Y109.892 E.01817
G1 X100.442 Y110.436 E.01814
G1 X100.676 Y110.93 E.01814
G1 X100.983 Y111.266 E.01508
G1 X101.465 Y111.533 E.01827
G1 X102 Y111.624 E.01801
G1 X102.511 Y111.541 E.01717
G1 X102.996 Y111.282 E.01824
G1 X103.349 Y110.9 E.01724
G1 X103.558 Y110.436 E.01688
G1 X103.6 Y110.244 E.00651
G1 X103.601 Y109.738 E.01681
G1 X103.444 Y109.258 E.01673
G1 X103.126 Y108.83 E.01769
G1 X102.702 Y108.537 E.01712
G1 X102.319 Y108.423 E.01324
M204 T1000
G1 X102.141 Y108.805 F9000
M204 P1000
;TYPE:Outer wall
;WIDTH:0.419999
G1 F2400
G1 X101.918 Y108.794 E.00689
G1 X101.528 Y108.888 E.01231
G1 X101.185 Y109.109 E.01255
G1 X100.935 Y109.43 E.01252
G1 X100.798 Y109.875 E.01428
G1 X100.813 Y110.227 E.01083
G1 X100.957 Y110.609 E.01255
G1 X101.219 Y110.922 E.01255
G1 X101.571 Y111.129 E.01255
G1 X101.972 Y111.208 E.01255
G1 X102.376 Y111.148 E.01255
G1 X102.737 Y110.957 E.01255
G1 X103.014 Y110.657 E.01255
G1 X103.175 Y110.282 E.01255
G1 X103.202 Y109.875 E.01255
G1 X103.091 Y109.481 E.01255
G1 X102.856 Y109.148 E.01255
G1 X102.523 Y108.911 E.01255
G1 X102.181 Y108.809 E.01097
M204 T2500
G1 E-.84
;WIPE_START
G1 X101.918 Y108.794 E-.09498
G1 X101.528 Y108.888 E-.14419
G1 X101.246 Y109.069 E-.12083
;WIPE_END
G1 F9000
G1 X101.774 Y109.984 Z2.45714
G1 X101.389 Y110.967 Z2.51429
G1 X100.38 Y111.278 Z2.57143
G1 X99.5069 Y110.684 Z2.62857
G1 X99.4277 Y109.631 Z2.68571
G1 X100.202 Y108.912 Z2.74286
G1 X101.246 Y109.069 Z2.8
G1 X123.47 Y124.212 Z2.8
G1 Z2.4
G1 E1.2 F1800
M204 P500
;TYPE:Internal Bridge
;WIDTH:0.389872
;HEIGHT:0.389872
G1 F9000
G1 X124.014 Y123.668 E.03742
G1 X124.014 Y123.046 E.03026
G1 X123.046 Y124.014 E.06659
G1 X122.424 Y124.014 E.03026
G1 X124.014 Y122.424 E.10938
G1 X124.014 Y121.802 E.03026
G1 X121.802 Y124.014 E.15217
G1 X121.18 Y124.014 E.03026
G1 X124.014 Y121.18 E.19496
G1 X124.014 Y120.558 E.03026
G1 X120.558 Y124.014 E.23775
G1 X119.936 Y124.014 E.03026
G1 X124.014 Y119.936 E.28054
G1 X124.014 Y119.314 E.03026
G1 X119.314 Y124.014 E.32333
G1 X118.691 Y124.014 E.03026
G1 X124.014 Y118.691 E.36612
G1 X124.014 Y118.069 E.03026
G1 X118.069 Y124.014 E.40892
G1 X117.447 Y124.014 E.03026
G1 X124.014 Y117.447 E.45171
G1 X124.014 Y116.825 E.03026
G1 X116.825 Y124.014 E.4945
G1 X116.203 Y124.014 E.03026
G1 X124.014 Y116.203 E.53729
G1 X124.014 Y115.581 E.03026
G1 X115.581 Y124.014 E.58008
G1 X114.959 Y124.014 E.03026
G1 X124.014 Y114.959 E.62287
G1 X124.014 Y114.337 E.03026
G1 X114.337 Y124.014 E.66566
G1 X113.715 Y124.014 E.03026
G1 X124.014 Y113.715 E.70845
G1 X124.014 Y113.093 E.03026
G1 X113.093 Y124.014 E.75124
G1 X112.471 Y124.014 E.03026
G1 X124.014 Y112.471 E.79403
G1 X124.014 Y111.849 E.03026
G1 X111.849 Y124.014 E.83682
G1 X111.227 Y124.014 E.03026
G1 X124.014 Y111.227 E.87961
G1 X124.014 Y110.605 E.03026
G1 X110.605 Y124.014 E.9224
G1 X109.982 Y124.014 E.03026
G1 X124.014 Y109.982 E.96519
G1 X124.014 Y109.36 E.03026
G1 X109.36 Y124.014 E1.00798
G1 X108.738 Y124.014 E.03026
G1 X124.014 Y108.738 E1.05078
G1 X124.014 Y108.116 E.03026
G1 X108.116 Y124.014 E1.09357
G1 X107.494 Y124.014 E.03026
G1 X124.014 Y107.494 E1.13636
G1 X124.014 Y106.872 E.03026
G1 X106.872 Y124.014 E1.17915
G1 X106.25 Y124.014 E.03026
G1 X118.314 Y111.95 E.82987
G1 X118.479 Y111.921 E.00814
G1 X118.963 Y111.739 E.02515
G1 X119.384 Y111.417 E.02577
G1 X119.578 Y111.196 E.01432
G1 X119.778 Y110.872 E.0185
G1 X119.887 Y110.601 E.01422
G1 X119.948 Y110.316 E.01414
G1 X124.014 Y106.25 E.27971
G1 X124.014 Y105.628 E.03026
G1 X119.947 Y109.696 E.2798
G1 X119.931 Y109.562 E.00651
G1 X119.809 Y109.211 E.01812
G1 X124.014 Y105.006 E.28922
G1 X124.014 Y104.384 E.03026
G1 X119.582 Y108.816 E.30489
G1 X119.507 Y108.714 E.00618
G1 X119.277 Y108.499 E.0153
G1 X124.014 Y103.762 E.32588
G1 X124.014 Y103.14 E.03026
G1 X118.898 Y108.255 E.3519
G1 X118.665 Y108.137 E.01273
G1 X118.46 Y108.072 E.01045
G1 X124.014 Y102.518 E.38204
G1 X124.014 Y101.896 E.03026
G1 X117.657 Y108.252 E.43726
G1 E-.93333 F2400
;WIPE_START
G1 F9000
G1 X118.364 Y107.545 E-.26667
;WIPE_END

G1 X117.799 Y108.437 Z2.45714
G1 X116.749 Y108.552 Z2.51429
G1 X116.005 Y107.802 Z2.57143
G1 X116.128 Y106.753 Z2.62857
G1 X117.024 Y106.195 Z2.68571
G1 X118.019 Y106.547 Z2.74286
G1 X118.364 Y107.545 Z2.8
G1 X117.872 Y111.77 Z2.8
G1 Z2.4
G1 E1.2 F1800
G1 F9000
G1 X105.628 Y124.014 E.84226
G1 X105.006 Y124.014 E.03026
G1 X117.212 Y111.808 E.83962
G1 X117.075 Y111.758 E.00709
G1 X116.82 Y111.578 E.01518
G1 X104.384 Y124.014 E.85547
G1 X103.762 Y124.014 E.03026
G1 X116.49 Y111.286 E.87551
G1 X116.245 Y110.908 E.02188
G1 X103.14 Y124.014 E.9015
G1 X102.518 Y124.014 E.03026
G1 X116.085 Y110.447 E.93327
G1 X116.023 Y110.173 E.01363
G1 X116.029 Y109.881 E.01423
G1 X101.896 Y124.014 E.97218
G1 X101.273 Y124.014 E.03026
G1 X124.014 Y101.273 E1.56426
G1 X124.014 Y100.651 E.03026
G1 X100.651 Y124.014 E1.60705
G1 X100.029 Y124.014 E.03026
G1 X124.014 Y100.029 E1.64984
G1 X124.014 Y99.407 E.03026
G1 X99.407 Y124.014 E1.69264
G1 X98.785 Y124.014 E.03026
G1 X124.014 Y98.785 E1.73543
G1 X124.014 Y98.163 E.03026
G1 X98.163 Y124.014 E1.77822
G1 X97.541 Y124.014 E.03026
G1 X124.014 Y97.541 E1.82101
G1 X124.014 Y96.919 E.03026
G1 X96.919 Y124.014 E1.8638
G1 X96.297 Y124.014 E.03026
G1 X124.014 Y96.297 E1.90659
G1 X124.014 Y95.986 E.01513
G1 X123.703 Y95.986 E.01513
G1 X95.986 Y123.703 E1.90658
G1 X95.986 Y123.081 E.03026
G1 X123.081 Y95.986 E1.86379
G1 X122.459 Y95.986 E.03026
G1 X95.986 Y122.459 E1.821
G1 X95.986 Y121.837 E.03026
G1 X121.837 Y95.986 E1.77821
G1 X121.215 Y95.986 E.03026
G1 X95.986 Y121.215 E1.73542
G1 X95.986 Y120.593 E.03026
G1 X120.593 Y95.986 E1.69262
G1 X119.971 Y95.986 E.03026
G1 X95.986 Y119.971 E1.64983
G1 X95.986 Y119.348 E.03026
G1 X119.348 Y95.986 E1.60704
G1 X118.726 Y95.986 E.03026
G1 X95.986 Y118.726 E1.56425
G1 X95.986 Y118.104 E.03026
G1 X102.12 Y111.97 E.42196
G1 X101.998 Y111.988 E.00599
G1 X101.555 Y111.913 E.02186
G1 X95.986 Y117.482 E.38309
G1 X95.986 Y116.86 E.03026
G1 X101.096 Y111.75 E.35151
G1 X100.756 Y111.55 E.0192
G1 X100.716 Y111.508 E.00281
G1 X95.986 Y116.238 E.32539
G1 X95.986 Y115.616 E.03026
G1 X100.417 Y111.185 E.30483
G1 X100.242 Y110.911 E.01581
G1 X100.192 Y110.788 E.00647
G1 X95.986 Y114.994 E.28934
G1 X95.986 Y114.372 E.03026
G1 X100.231 Y110.127 E.292
G1 E-.93333 F2400
;WIPE_START
G1 F9000
G1 X99.524 Y110.834 E-.26667
;WIPE_END

G1 X100.522 Y111.179 Z2.45714
G1 X100.875 Y112.174 Z2.51429
G1 X100.317 Y113.07 Z2.57143
G1 X99.2682 Y113.193 Z2.62857
G1 X98.5183 Y112.45 Z2.68571
G1 X98.632 Y111.4 Z2.74286
G1 X99.5238 Y110.834 Z2.8
G1 X103.751 Y110.339 Z2.8
G1 Z2.4
G1 E1.2 F1800
G1 F9000
G1 X118.104 Y95.986 E.98734
G1 X117.482 Y95.986 E.03026
G1 X103.922 Y109.546 E.93279
G1 X103.759 Y109.087 E.0237
G1 X116.86 Y95.986 E.9012
G1 X116.238 Y95.986 E.03026
G1 X103.504 Y108.72 E.87596
G1 X103.32 Y108.517 E.01334
G1 X103.18 Y108.422 E.00823
G1 X115.616 Y95.986 E.85547
G1 X114.994 Y95.986 E.03026
G1 X102.795 Y108.185 E.83914
G1 X102.312 Y108.045 E.02443
G1 X114.372 Y95.986 E.82954
G1 X113.75 Y95.986 E.03026
G1 X101.681 Y108.055 E.83019
G1 X101.189 Y108.185 E.02472
G1 X100.74 Y108.472 E.02592
G1 X100.528 Y108.675 E.01429
G1 X100.303 Y108.98 E.01843
G1 X100.171 Y109.241 E.01422
G1 X100.047 Y109.688 E.0226
G1 X95.986 Y113.75 E.27938
G1 X95.986 Y113.128 E.03026
G1 X113.128 Y95.986 E1.17914
G1 X112.506 Y95.986 E.03026
G1 X95.986 Y112.506 E1.13635
G1 X95.986 Y111.884 E.03026
G1 X111.884 Y95.986 E1.09356
G1 X111.262 Y95.986 E.03026
G1 X95.986 Y111.262 E1.05077
G1 X95.986 Y110.639 E.03026
G1 X110.639 Y95.986 E1.00797
G1 X110.017 Y95.986 E.03026
G1 X95.986 Y110.017 E.96518
G1 X95.986 Y109.395 E.03026
G1 X109.395 Y95.986 E.92239
G1 X108.773 Y95.986 E.03026
G1 X95.986 Y108.773 E.8796
G1 X95.986 Y108.151 E.03026
G1 X108.151 Y95.986 E.83681
G1 X107.529 Y95.986 E.03026
G1 X95.986 Y107.529 E.79402
G1 X95.986 Y106.907 E.03026
G1 X106.907 Y95.986 E.75123
G1 X106.285 Y95.986 E.03026
G1 X95.986 Y106.285 E.70844
G1 X95.986 Y105.663 E.03026
G1 X105.663 Y95.986 E.66565
G1 X105.041 Y95.986 E.03026
G1 X95.986 Y105.041 E.62286
G1 X95.986 Y104.419 E.03026
G1 X104.419 Y95.986 E.58007
G1 X103.797 Y95.986 E.03026
G1 X95.986 Y103.797 E.53728
G1 X95.986 Y103.175 E.03026
G1 X103.175 Y95.986 E.49449
G1 X102.553 Y95.986 E.03026
G1 X95.986 Y102.553 E.4517
G1 X95.986 Y101.93 E.03026
G1 X101.93 Y95.986 E.40891
G1 X101.308 Y95.986 E.03026
G1 X95.986 Y101.308 E.36611
G1 X95.986 Y100.686 E.03026
G1 X100.686 Y95.986 E.32332
G1 X100.064 Y95.986 E.03026
G1 X95.986 Y100.064 E.28053
G1 X95.986 Y99.442 E.03026
G1 X99.442 Y95.986 E.23774
G1 X98.82 Y95.986 E.03026
G1 X95.986 Y98.82 E.19495
G1 X95.986 Y98.198 E.03026
G1 X98.198 Y95.986 E.15216
G1 X97.576 Y95.986 E.03026
G1 X95.986 Y97.576 E.10937
G1 X95.986 Y96.954 E.03026
G1 X96.954 Y95.986 E.06658
G1 X96.332 Y95.986 E.03026
G1 X95.788 Y96.53 E.03741
; stop printing object prueba_base rueda loka.STL id:0 copy 0
;LAYER_CHANGE
;Z:2.6
;HEIGHT:0.2
;BEFORE_LAYER_CHANGE
;2.6
G92 E0

G1 E-.93333 F2400
;WIPE_START
G1 F9000
G1 X96.332 Y95.986 E-.20507
G1 X96.563 Y95.986 E-.06159
;WIPE_END
;_SET_FAN_SPEED_CHANGING_LAYER
; printing object prueba_base rueda loka.STL id:0 copy 0

G1 X96.9013 Y96.9863 Z2.65714
G1 X96.3303 Y97.8746 Z2.71429
G1 X95.2798 Y97.9821 Z2.77143
G1 X94.5407 Y97.2277 Z2.82857
G1 X94.6697 Y96.1796 Z2.88571
G1 X95.5696 Y95.627 Z2.94286
G1 X96.5628 Y95.986 Z3
G1 X124.376 Y124.376 Z3
G1 Z2.6
G1 E1.2 F1800
M204 P2000
;TYPE:Inner wall
;WIDTH:0.449999
G1 F3600
M106 S255
G1 X95.624 Y124.376 E.95379
G1 X95.624 Y95.624 E.95379
G1 X124.376 Y95.624 E.95379
G1 X124.376 Y124.336 E.95246
M204 T1000
G1 X124.79 Y124.79 F9000
M204 P1000
;TYPE:Outer wall
;WIDTH:0.419999
G1 F2400
G1 X95.21 Y124.79 E.90891
G1 X95.21 Y95.21 E.90891
G1 X124.79 Y95.21 E.90891
G1 X124.79 Y124.75 E.90768
M204 T2500
G1 E-.84
;WIPE_START
G1 X123.79 Y124.751 E-.36
;WIPE_END
G1 F9000
G1 X123.91 Y123.702 Z2.65714
G1 X124.806 Y123.142 Z2.71429
G1 X125.802 Y123.493 Z2.77143
G1 X126.149 Y124.49 Z2.82857
G1 X125.585 Y125.383 Z2.88571
G1 X124.535 Y125.5 Z2.94286
G1 X123.79 Y124.751 Z3
G1 X118.103 Y108.393 Z3
G1 Z2.6
G1 E1.2 F1800
M204 P2000
;TYPE:Inner wall
;WIDTH:0.449999
G1 F3600
G1 X117.622 Y108.421 E.01598
G1 X117.117 Y108.638 E.01824
G1 X116.726 Y108.995 E.01755
G1 X116.467 Y109.471 E.01796
G1 X116.382 Y109.971 E.01682
G1 X116.39 Y110.166 E.0065
G1 X116.517 Y110.657 E.01681
G1 X116.779 Y111.071 E.01624
G1 X117.178 Y111.4 E.01716
G1 X117.693 Y111.594 E.01824
G1 X118.176 Y111.609 E.01605
G1 X118.702 Y111.458 E.01814
G1 X119.147 Y111.141 E.01812
G1 X119.462 Y110.693 E.01817
G1 X119.614 Y110.145 E.01889
G1 X119.573 Y109.621 E.01743
G1 X119.357 Y109.118 E.01814
G1 X119.011 Y108.738 E.01706
G1 X118.512 Y108.466 E.01886
G1 X118.187 Y108.388 E.0111
G1 X118.143 Y108.391 E.00145
M204 T1000
G1 X118.117 Y108.796 F9000
M204 P1000
;TYPE:Outer wall
;WIDTH:0.419999
G1 F2400
G1 X117.723 Y108.824 E.01213
G1 X117.347 Y108.984 E.01255
G1 X117.046 Y109.259 E.01255
G1 X116.853 Y109.619 E.01255
G1 X116.792 Y110.023 E.01255
G1 X116.884 Y110.466 E.01389
G1 X117.075 Y110.777 E.01121
G1 X117.386 Y111.041 E.01255
G1 X117.768 Y111.186 E.01255
G1 X118.176 Y111.195 E.01255
G1 X118.564 Y111.068 E.01255
G1 X118.888 Y110.82 E.01253
G1 X119.11 Y110.477 E.01256
G1 X119.205 Y110.079 E.01255
G1 X119.163 Y109.673 E.01255
G1 X118.988 Y109.305 E.01255
G1 X118.723 Y109.034 E.01163
G1 X118.335 Y108.84 E.01335
G1 X118.156 Y108.804 E.0056
M204 T2500
G1 E-.84
;WIPE_START
G1 X117.723 Y108.824 E-.15602
G1 X117.347 Y108.984 E-.147
G1 X117.23 Y109.09 E-.05698
;WIPE_END
G1 F9000
G1 X116.301 Y108.589 Z2.65714
G1 X116.113 Y107.55 Z2.71429
G1 X116.808 Y106.755 Z2.77143
G1 X117.863 Y106.803 Z2.82857
G1 X118.483 Y107.658 Z2.88571
G1 X118.202 Y108.676 Z2.94286
G1 X117.23 Y109.09 Z3
G1 X102.268 Y108.409 Z3
G1 Z2.6
G1 E1.2 F1800
M204 P2000
;TYPE:Inner wall
;WIDTH:0.449999
G1 F3600
G1 X102.217 Y108.394 E.00174
G1 X101.766 Y108.399 E.01497
G1 X101.245 Y108.568 E.01816
G1 X100.812 Y108.901 E.01813
G1 X100.513 Y109.36 E.01816
G1 X100.385 Y109.888 E.01801
G1 X100.434 Y110.397 E.01698
G1 X100.676 Y110.93 E.01942
G1 X100.983 Y111.266 E.01508
G1 X101.465 Y111.533 E.01827
G1 X102 Y111.624 E.01801
G1 X102.511 Y111.541 E.01717
G1 X102.996 Y111.282 E.01824
G1 X103.349 Y110.9 E.01724
G1 X103.558 Y110.436 E.01688
G1 X103.6 Y110.244 E.00651
G1 X103.601 Y109.738 E.01681
G1 X103.444 Y109.258 E.01673
G1 X103.126 Y108.83 E.01769
G1 X102.701 Y108.536 E.01714
G1 X102.306 Y108.42 E.01367
M204 T1000
G1 X102.14 Y108.803 F9000
M204 P1000
;TYPE:Outer wall
;WIDTH:0.419999
G1 F2400
G1 X101.916 Y108.794 E.00688
G1 X101.528 Y108.888 E.01226
G1 X101.185 Y109.108 E.01253
G1 X100.934 Y109.431 E.01256
G1 X100.798 Y109.873 E.01422
G1 X100.81 Y110.197 E.00995
G1 X100.956 Y110.606 E.01335
G1 X101.219 Y110.922 E.01264
G1 X101.571 Y111.129 E.01255
G1 X101.972 Y111.208 E.01255
G1 X102.376 Y111.148 E.01255
G1 X102.737 Y110.957 E.01255
G1 X103.014 Y110.657 E.01255
G1 X103.175 Y110.282 E.01255
G1 X103.202 Y109.875 E.01255
G1 X103.091 Y109.481 E.01255
G1 X102.856 Y109.148 E.01255
G1 X102.523 Y108.911 E.01255
G1 X102.179 Y108.81 E.01102
M204 T2500
G1 E-.84
;WIPE_START
G1 X101.916 Y108.794 E-.09485
G1 X101.528 Y108.888 E-.14368
G1 X101.244 Y109.07 E-.12147
;WIPE_END
G1 F9000
G1 X102.293 Y108.943 Z2.65714
G1 X103.046 Y109.683 Z2.71429
G1 X102.937 Y110.733 Z2.77143
G1 X102.048 Y111.303 Z2.82857
G1 X101.048 Y110.963 Z2.88571
G1 X100.69 Y109.969 Z2.94286
G1 X101.244 Y109.07 Z3
G1 X121.977 Y95.785 Z3
G1 Z2.6
G1 E1.2 F1800
M204 P2500
;TYPE:Internal solid infill
;WIDTH:0.419999
G1 F6000
G1 X124.045 Y97.853 E.08988
G1 X124.045 Y98.387 E.01639
G1 X121.613 Y95.955 E.10568
G1 X121.08 Y95.955 E.01639
G1 X124.045 Y98.92 E.12885
G1 X124.045 Y99.453 E.01639
G1 X120.547 Y95.955 E.15203
G1 X120.014 Y95.955 E.01639
G1 X124.045 Y99.986 E.1752
G1 X124.045 Y100.52 E.01639
G1 X119.48 Y95.955 E.19837
G1 X118.947 Y95.955 E.01639
G1 X124.045 Y101.053 E.22155
G1 X124.045 Y101.586 E.01639
G1 X118.414 Y95.955 E.24472
G1 X117.881 Y95.955 E.01639
G1 X124.045 Y102.119 E.26789
G1 X124.045 Y102.653 E.01639
G1 X117.347 Y95.955 E.29107
G1 X116.814 Y95.955 E.01639
G1 X124.045 Y103.186 E.31424
G1 X124.045 Y103.719 E.01639
G1 X116.281 Y95.955 E.33741
G1 X115.747 Y95.955 E.01639
G1 X124.045 Y104.253 E.36059
G1 X124.045 Y104.786 E.01639
G1 X115.214 Y95.955 E.38376
G1 X114.681 Y95.955 E.01639
G1 X124.045 Y105.319 E.40693
G1 X124.045 Y105.852 E.01639
G1 X114.148 Y95.955 E.43011
G1 X113.614 Y95.955 E.01639
G1 X124.045 Y106.386 E.45328
G1 X124.045 Y106.919 E.01639
G1 X113.081 Y95.955 E.47645
G1 X112.548 Y95.955 E.01639
G1 X124.045 Y107.452 E.49962
G1 X124.045 Y107.985 E.01639
G1 X112.015 Y95.955 E.5228
G1 X111.481 Y95.955 E.01639
G1 X124.045 Y108.519 E.54597
G1 X124.045 Y109.052 E.01639
G1 X110.948 Y95.955 E.56914
G1 X110.415 Y95.955 E.01639
G1 X124.045 Y109.585 E.59232
G1 X124.045 Y110.118 E.01639
G1 X109.882 Y95.955 E.61549
G1 X109.348 Y95.955 E.01639
G1 X124.045 Y110.652 E.63866
G1 X124.045 Y111.185 E.01639
G1 X108.815 Y95.955 E.66184
G1 X108.282 Y95.955 E.01639
G1 X124.045 Y111.718 E.68501
G1 X124.045 Y112.252 E.01639
G1 X107.748 Y95.955 E.70818
G1 X107.215 Y95.955 E.01639
G1 X124.045 Y112.785 E.73136
G1 X124.045 Y113.318 E.01639
G1 X106.682 Y95.955 E.75453
G1 X106.149 Y95.955 E.01639
G1 X118.271 Y108.077 E.52677
G1 X118.023 Y108.051 E.00767
G1 X117.738 Y108.078 E.00877
G1 X105.615 Y95.955 E.5268
G1 X105.082 Y95.955 E.01639
G1 X117.311 Y108.183 E.53141
G1 X116.947 Y108.353 E.01233
G1 X104.549 Y95.955 E.53878
G1 X104.016 Y95.955 E.01639
G1 X116.659 Y108.598 E.54943
G1 X116.525 Y108.727 E.00573
G1 X116.405 Y108.877 E.00589
G1 X103.482 Y95.955 E.56154
G1 X102.949 Y95.955 E.01639
G1 X116.22 Y109.226 E.5767
G1 X116.16 Y109.344 E.00408
G1 X116.093 Y109.632 E.00908
G1 X102.416 Y95.955 E.59435
G1 X101.882 Y95.955 E.01639
G1 X116.267 Y110.339 E.62507
G1 E-.84 F2400
;WIPE_START
G1 F6000
G1 X115.56 Y109.632 E-.36
;WIPE_END
G1 F9000
G1 X116.524 Y110.062 Z2.65714
G1 X116.789 Y111.085 Z2.71429
G1 X116.155 Y111.929 Z2.77143
G1 X115.099 Y111.96 Z2.82857
G1 X114.417 Y111.153 Z2.88571
G1 X114.622 Y110.118 Z2.94286
G1 X115.56 Y109.632 Z3
G1 X119.705 Y109.511 Z3
G1 Z2.6
G1 E1.2 F1800
G1 F6000
G1 X124.045 Y113.851 E.1886
G1 X124.045 Y114.385 E.01639
G1 X119.926 Y110.266 E.17899
G1 X119.857 Y110.591 E.01024
G1 X119.817 Y110.69 E.00325
G1 X124.045 Y114.918 E.18373
G1 X124.045 Y115.451 E.01639
G1 X119.636 Y111.042 E.1916
G1 X119.553 Y111.177 E.00487
G1 X119.406 Y111.345 E.00687
G1 X124.045 Y115.984 E.20163
G1 X124.045 Y116.518 E.01639
G1 X119.113 Y111.585 E.21436
G1 X118.948 Y111.711 E.00638
G1 X118.772 Y111.777 E.00578
G1 X124.045 Y117.051 E.22916
G1 X124.045 Y117.584 E.01639
G1 X118.37 Y111.908 E.24664
G1 X118.186 Y111.94 E.00571
G1 X117.864 Y111.936 E.00991
G1 X124.045 Y118.118 E.26861
G1 X124.045 Y118.651 E.01639
G1 X101.349 Y95.955 E.98626
G1 X100.816 Y95.955 E.01639
G1 X124.045 Y119.184 E1.00943
G1 X124.045 Y119.717 E.01639
G1 X100.283 Y95.955 E1.03261
G1 X99.749 Y95.955 E.01639
G1 X124.045 Y120.251 E1.05578
G1 X124.045 Y120.784 E.01639
G1 X99.216 Y95.955 E1.07895
G1 X98.683 Y95.955 E.01639
G1 X124.045 Y121.317 E1.10213
G1 X124.045 Y121.85 E.01639
G1 X98.15 Y95.955 E1.1253
G1 X97.616 Y95.955 E.01639
G1 X124.045 Y122.384 E1.14847
G1 X124.045 Y122.917 E.01639
G1 X97.083 Y95.955 E1.17165
G1 X96.55 Y95.955 E.01639
G1 X124.045 Y123.45 E1.19482
G1 X124.045 Y123.984 E.01639
G1 X96.016 Y95.955 E1.21799
G1 X95.955 Y95.955 E.0019
G1 X95.955 Y96.426 E.01448
G1 X123.574 Y124.045 E1.2002
G1 X123.041 Y124.045 E.01639
G1 X95.955 Y96.959 E1.17703
G1 X95.955 Y97.492 E.01639
G1 X122.508 Y124.045 E1.15386
G1 X121.974 Y124.045 E.01639
G1 X95.955 Y98.026 E1.13068
G1 X95.955 Y98.559 E.01639
G1 X121.441 Y124.045 E1.10751
G1 X120.908 Y124.045 E.01639
G1 X95.955 Y99.092 E1.08434
G1 X95.955 Y99.626 E.01639
G1 X120.374 Y124.045 E1.06116
G1 X119.841 Y124.045 E.01639
G1 X95.955 Y100.159 E1.03799
G1 X95.955 Y100.692 E.01639
G1 X119.308 Y124.045 E1.01482
G1 X118.775 Y124.045 E.01639
G1 X95.955 Y101.225 E.99164
G1 X95.955 Y101.759 E.01639
G1 X102.262 Y108.066 E.2741
G1 X101.808 Y108.054 E.01395
G1 X101.736 Y108.073 E.00232
G1 X95.955 Y102.292 E.25121
G1 X95.955 Y102.825 E.01639
G1 X101.314 Y108.184 E.23288
G1 X101.202 Y108.214 E.00354
G1 X100.963 Y108.367 E.00873
G1 X95.955 Y103.358 E.21764
G1 X95.955 Y103.892 E.01639
G1 X100.658 Y108.595 E.20437
G1 X100.552 Y108.696 E.00448
G1 X100.413 Y108.884 E.00718
G1 X95.955 Y104.425 E.19375
G1 X95.955 Y104.958 E.01639
G1 X100.217 Y109.22 E.18521
G1 X100.089 Y109.625 E.01306
G1 X95.955 Y105.491 E.17964
G1 X95.955 Y106.025 E.01639
G1 X100.258 Y110.328 E.18701
G1 E-.84 F2400
;WIPE_START
G1 F6000
G1 X99.551 Y109.621 E-.36
;WIPE_END
G1 F9000
G1 X100.516 Y110.051 Z2.65714
G1 X100.781 Y111.073 Z2.71429
G1 X100.147 Y111.918 Z2.77143
G1 X99.0917 Y111.949 Z2.82857
G1 X98.4092 Y111.144 Z2.88571
G1 X98.6136 Y110.107 Z2.94286
G1 X99.5511 Y109.621 Z3
G1 X103.695 Y109.499 Z3
G1 Z2.6
G1 E1.2 F1800
G1 F6000
G1 X118.241 Y124.045 E.63213
G1 X117.708 Y124.045 E.01639
G1 X103.928 Y110.265 E.59881
G1 X103.868 Y110.554 E.00904
G1 X103.812 Y110.683 E.00433
G1 X117.175 Y124.045 E.58068
G1 X116.642 Y124.045 E.01639
G1 X103.647 Y111.051 E.56467
G1 X103.403 Y111.34 E.01163
G1 X116.108 Y124.045 E.55213
G1 X115.575 Y124.045 E.01639
G1 X103.122 Y111.592 E.54116
G1 X102.779 Y111.782 E.01205
G1 X115.042 Y124.045 E.53289
G1 X114.509 Y124.045 E.01639
G1 X102.365 Y111.902 E.52769
G1 X101.999 Y111.956 E.01139
G1 X101.863 Y111.933 E.00422
G1 X113.975 Y124.045 E.52633
G1 X113.442 Y124.045 E.01639
G1 X95.955 Y106.558 E.75991
G1 X95.955 Y107.091 E.01639
G1 X112.909 Y124.045 E.73674
G1 X112.375 Y124.045 E.01639
G1 X95.955 Y107.625 E.71357
G1 X95.955 Y108.158 E.01639
G1 X111.842 Y124.045 E.69039
G1 X111.309 Y124.045 E.01639
G1 X95.955 Y108.691 E.66722
G1 X95.955 Y109.224 E.01639
G1 X110.776 Y124.045 E.64405
G1 X110.242 Y124.045 E.01639
G1 X95.955 Y109.758 E.62087
G1 X95.955 Y110.291 E.01639
G1 X109.709 Y124.045 E.5977
G1 X109.176 Y124.045 E.01639
G1 X95.955 Y110.824 E.57453
G1 X95.955 Y111.357 E.01639
G1 X108.643 Y124.045 E.55135
G1 X108.109 Y124.045 E.01639
G1 X95.955 Y111.891 E.52818
G1 X95.955 Y112.424 E.01639
G1 X107.576 Y124.045 E.50501
G1 X107.043 Y124.045 E.01639
G1 X95.955 Y112.957 E.48183
G1 X95.955 Y113.491 E.01639
G1 X106.509 Y124.045 E.45866
G1 X105.976 Y124.045 E.01639
G1 X95.955 Y114.024 E.43549
G1 X95.955 Y114.557 E.01639
G1 X105.443 Y124.045 E.41231
G1 X104.91 Y124.045 E.01639
G1 X95.955 Y115.09 E.38914
G1 X95.955 Y115.624 E.01639
G1 X104.376 Y124.045 E.36597
G1 X103.843 Y124.045 E.01639
G1 X95.955 Y116.157 E.3428
G1 X95.955 Y116.69 E.01639
G1 X103.31 Y124.045 E.31962
G1 X102.777 Y124.045 E.01639
G1 X95.955 Y117.223 E.29645
G1 X95.955 Y117.757 E.01639
G1 X102.243 Y124.045 E.27328
G1 X101.71 Y124.045 E.01639
G1 X95.955 Y118.29 E.2501
G1 X95.955 Y118.823 E.01639
G1 X101.177 Y124.045 E.22693
G1 X100.643 Y124.045 E.01639
G1 X95.955 Y119.357 E.20376
G1 X95.955 Y119.89 E.01639
G1 X100.11 Y124.045 E.18058
G1 X99.577 Y124.045 E.01639
G1 X95.955 Y120.423 E.15741
G1 X95.955 Y120.956 E.01639
G1 X99.044 Y124.045 E.13424
G1 X98.51 Y124.045 E.01639
G1 X95.955 Y121.49 E.11106
G1 X95.955 Y122.023 E.01639
G1 X97.977 Y124.045 E.08789
G1 X97.444 Y124.045 E.01639
G1 X95.955 Y122.556 E.06472
G1 X95.955 Y123.089 E.01639
G1 X97.08 Y124.215 E.04892
G1 X122.474 Y96.016 F9000
;WIDTH:0.419999
G1 F6000
G1 X123.984 Y97.526 E.06561
G1 X123.984 Y96.016 E.0464
G1 X122.514 Y96.016 E.04517
; stop printing object prueba_base rueda loka.STL id:0 copy 0
;LAYER_CHANGE
;Z:2.8
;HEIGHT:0.2
;BEFORE_LAYER_CHANGE
;2.8
G92 E0

G1 E-.84 F2400
;WIPE_START
G1 F6000
G1 X123.514 Y96.016 E-.36
;WIPE_END
;_SET_FAN_SPEED_CHANGING_LAYER
; printing object prueba_base rueda loka.STL id:0 copy 0
G1 F9000
G1 X123.085 Y96.9806 Z2.85714
G1 X122.063 Y97.2467 Z2.91429
G1 X121.218 Y96.6137 Z2.97143
G1 X121.186 Y95.5581 Z3.02857
G1 X121.991 Y94.8749 Z3.08571
G1 X123.028 Y95.0785 Z3.14286
G1 X123.514 Y96.0156 Z3.2
G1 X124.376 Y124.376 Z3.2
G1 Z2.8
G1 E1.2 F1800
M204 P2000
;TYPE:Inner wall
;WIDTH:0.449999
G1 F3600
G1 X95.624 Y124.376 E.95379
G1 X95.624 Y95.624 E.95379
G1 X124.376 Y95.624 E.95379
G1 X124.376 Y124.336 E.95246
M204 T1000
G1 X124.79 Y124.79 F9000
M204 P1000
;TYPE:Outer wall
;WIDTH:0.419999
G1 F2400
G1 X95.21 Y124.79 E.90891
G1 X95.21 Y95.21 E.90891
G1 X124.79 Y95.21 E.90891
G1 X124.79 Y124.75 E.90768
M204 T2500
G1 E-.84
;WIPE_START
G1 X123.79 Y124.751 E-.36
;WIPE_END
G1 F9000
G1 X123.915 Y123.703 Z2.85714
G1 X124.812 Y123.146 Z2.91429
G1 X125.807 Y123.501 Z2.97143
G1 X126.15 Y124.5 Z3.02857
G1 X125.582 Y125.391 Z3.08571
G1 X124.532 Y125.503 Z3.14286
G1 X123.79 Y124.751 Z3.2
G1 X118.183 Y108.4 Z3.2
G1 Z2.8
G1 E1.2 F1800
M204 P2000
;TYPE:Inner wall
;WIDTH:0.449999
G1 F3600
G1 X118.081 Y108.38 E.00345
G1 X117.558 Y108.438 E.01744
G1 X117.062 Y108.675 E.01824
G1 X116.697 Y109.031 E.01691
G1 X116.465 Y109.474 E.01659
G1 X116.379 Y109.994 E.01747
G1 X116.465 Y110.511 E.0174
G1 X116.538 Y110.693 E.00651
G1 X116.85 Y111.139 E.01806
G1 X117.277 Y111.446 E.01744
G1 X117.755 Y111.605 E.01671
G1 X118.266 Y111.602 E.01695
G1 X118.768 Y111.429 E.01759
G1 X119.213 Y111.079 E.01881
G1 X119.453 Y110.711 E.01456
G1 X119.608 Y110.173 E.01856
G1 X119.618 Y109.971 E.00673
G1 X119.517 Y109.435 E.01806
G1 X119.254 Y108.98 E.01744
G1 X118.908 Y108.654 E.01578
G1 X118.502 Y108.462 E.01491
G1 X118.222 Y108.407 E.00945
M204 T1000
G1 X118.117 Y108.796 F9000
M204 P1000
;TYPE:Outer wall
;WIDTH:0.419999
G1 F2400
G1 X117.723 Y108.824 E.01213
G1 X117.347 Y108.984 E.01255
G1 X117.046 Y109.259 E.01255
G1 X116.853 Y109.619 E.01255
G1 X116.792 Y110.023 E.01255
G1 X116.869 Y110.424 E.01255
G1 X117.075 Y110.777 E.01255
G1 X117.371 Y111.03 E.012
G1 X117.766 Y111.185 E.01303
G1 X118.176 Y111.195 E.0126
G1 X118.548 Y111.076 E.012
G1 X118.886 Y110.82 E.01303
G1 X119.102 Y110.493 E.01205
G1 X119.205 Y110.081 E.01303
G1 X119.163 Y109.673 E.0126
G1 X118.997 Y109.32 E.012
G1 X118.701 Y109.017 E.01303
G1 X118.332 Y108.838 E.0126
G1 X118.156 Y108.804 E.0055
M204 T2500
G1 E-.84
;WIPE_START
G1 X117.723 Y108.824 E-.15603
G1 X117.347 Y108.984 E-.147
G1 X117.23 Y109.09 E-.05697
;WIPE_END
G1 F9000
G1 X116.301 Y108.589 Z2.85714
G1 X116.113 Y107.55 Z2.91429
G1 X116.809 Y106.755 Z2.97143
G1 X117.864 Y106.804 Z3.02857
G1 X118.484 Y107.659 Z3.08571
G1 X118.202 Y108.676 Z3.14286
G1 X117.23 Y109.09 Z3.2
G1 X102.165 Y108.399 Z3.2
G1 Z2.8
G1 E1.2 F1800
M204 P2000
;TYPE:Inner wall
;WIDTH:0.449999
G1 F3600
G1 X102.039 Y108.382 E.0042
G1 X101.498 Y108.461 E.01814
G1 X101.014 Y108.716 E.01814
G1 X100.643 Y109.118 E.01816
G1 X100.427 Y109.621 E.01815
G1 X100.39 Y110.167 E.01814
G1 X100.538 Y110.693 E.01814
G1 X100.783 Y111.075 E.01505
G1 X101.212 Y111.42 E.01828
G1 X101.733 Y111.601 E.01828
G1 X102.277 Y111.6 E.01805
G1 X102.764 Y111.432 E.0171
G1 X103.186 Y111.107 E.01769
G1 X103.484 Y110.655 E.01794
G1 X103.61 Y110.167 E.01672
G1 X103.618 Y109.97 E.00654
G1 X103.535 Y109.474 E.01668
G1 X103.303 Y109.031 E.01659
G1 X102.938 Y108.675 E.01691
G1 X102.434 Y108.436 E.01852
G1 X102.204 Y108.405 E.00767
M204 T1000
G1 X102.131 Y108.799 F9000
M204 P1000
;TYPE:Outer wall
;WIDTH:0.419999
G1 F2400
G1 X102.117 Y108.796 E.00045
G1 X101.723 Y108.824 E.01213
G1 X101.347 Y108.983 E.01254
G1 X101.046 Y109.259 E.01256
G1 X100.853 Y109.619 E.01255
G1 X100.795 Y110.079 E.01425
G1 X100.869 Y110.424 E.01083
G1 X101.074 Y110.776 E.01254
G1 X101.386 Y111.041 E.01256
G1 X101.768 Y111.186 E.01255
G1 X102.176 Y111.195 E.01255
G1 X102.564 Y111.068 E.01254
G1 X102.888 Y110.819 E.01256
G1 X103.11 Y110.477 E.01255
G1 X103.205 Y110.08 E.01254
G1 X103.163 Y109.673 E.01256
G1 X102.988 Y109.305 E.01255
G1 X102.7 Y109.015 E.01255
G1 X102.332 Y108.838 E.01255
G1 X102.17 Y108.807 E.00506
M204 T2500
G1 E-.84
;WIPE_START
G1 X102.117 Y108.796 E-.01962
G1 X101.723 Y108.824 E-.14209
G1 X101.347 Y108.983 E-.14687
G1 X101.242 Y109.08 E-.05141
;WIPE_END
G1 F9000
G1 X101.757 Y110.001 Z2.85714
G1 X101.358 Y110.979 Z2.91429
G1 X100.345 Y111.277 Z2.97143
G1 X99.4807 Y110.67 Z3.02857
G1 X99.4161 Y109.616 Z3.08571
G1 X100.2 Y108.908 Z3.14286
G1 X101.242 Y109.08 Z3.2
G1 X122.474 Y123.984 Z3.2
G1 Z2.8
G1 E1.2 F1800
M204 P2500
;TYPE:Internal solid infill
G1 F6000
G1 X123.984 Y123.984 E.0464
G1 X123.984 Y122.474 E.0464
G1 X122.503 Y123.956 E.06438
G1 X124.215 Y121.977 F9000
;WIDTH:0.419999
G1 F6000
G1 X122.147 Y124.045 E.08988
G1 X121.613 Y124.045 E.01639
G1 X124.045 Y121.613 E.10568
G1 X124.045 Y121.08 E.01639
G1 X121.08 Y124.045 E.12885
G1 X120.547 Y124.045 E.01639
G1 X124.045 Y120.547 E.15203
G1 X124.045 Y120.014 E.01639
G1 X120.014 Y124.045 E.1752
G1 X119.48 Y124.045 E.01639
G1 X124.045 Y119.48 E.19837
G1 X124.045 Y118.947 E.01639
G1 X118.947 Y124.045 E.22155
G1 X118.414 Y124.045 E.01639
G1 X124.045 Y118.414 E.24472
G1 X124.045 Y117.881 E.01639
G1 X117.881 Y124.045 E.26789
G1 X117.347 Y124.045 E.01639
G1 X124.045 Y117.347 E.29107
G1 X124.045 Y116.814 E.01639
G1 X116.814 Y124.045 E.31424
G1 X116.281 Y124.045 E.01639
G1 X124.045 Y116.281 E.33741
G1 X124.045 Y115.747 E.01639
G1 X115.747 Y124.045 E.36059
G1 X115.214 Y124.045 E.01639
G1 X124.045 Y115.214 E.38376
G1 X124.045 Y114.681 E.01639
G1 X114.681 Y124.045 E.40693
G1 X114.148 Y124.045 E.01639
G1 X124.045 Y114.148 E.43011
G1 X124.045 Y113.614 E.01639
G1 X113.614 Y124.045 E.45328
G1 X113.081 Y124.045 E.01639
G1 X124.045 Y113.081 E.47645
G1 X124.045 Y112.548 E.01639
G1 X112.548 Y124.045 E.49962
G1 X112.015 Y124.045 E.01639
G1 X124.045 Y112.015 E.5228
G1 X124.045 Y111.481 E.01639
G1 X111.481 Y124.045 E.54597
G1 X110.948 Y124.045 E.01639
G1 X124.045 Y110.948 E.56914
G1 X124.045 Y110.415 E.01639
G1 X110.415 Y124.045 E.59232
G1 X109.882 Y124.045 E.01639
G1 X124.045 Y109.882 E.61549
G1 X124.045 Y109.348 E.01639
G1 X109.348 Y124.045 E.63866
G1 X108.815 Y124.045 E.01639
G1 X124.045 Y108.815 E.66184
G1 X124.045 Y108.282 E.01639
G1 X108.282 Y124.045 E.68501
G1 X107.748 Y124.045 E.01639
G1 X124.045 Y107.748 E.70818
G1 X124.045 Y107.215 E.01639
G1 X107.215 Y124.045 E.73136
G1 X106.682 Y124.045 E.01639
G1 X124.045 Y106.682 E.75453
G1 X124.045 Y106.149 E.01639
G1 X119.925 Y110.269 E.17905
G1 X119.954 Y110.043 E.00702
G1 X119.92 Y109.741 E.00933
G1 X124.045 Y105.615 E.17927
G1 X124.045 Y105.082 E.01639
G1 X119.821 Y109.307 E.18358
G1 X119.641 Y108.953 E.01218
G1 X124.045 Y104.549 E.1914
G1 X124.045 Y104.016 E.01639
G1 X119.401 Y108.66 E.20183
G1 X119.124 Y108.404 E.0116
G1 X124.045 Y103.482 E.21387
G1 X124.045 Y102.949 E.01639
G1 X118.771 Y108.223 E.22919
G1 X118.526 Y108.117 E.00822
G1 X118.374 Y108.087 E.00476
G1 X124.045 Y102.416 E.24647
G1 X124.045 Y101.882 E.01639
G1 X117.674 Y108.254 E.27687
G1 E-.84 F2400
;WIPE_START
G1 F6000
G1 X118.381 Y107.547 E-.36
;WIPE_END
G1 F9000
G1 X117.948 Y108.51 Z2.85714
G1 X116.926 Y108.773 Z2.91429
G1 X116.083 Y108.136 Z2.97143
G1 X116.054 Y107.081 Z3.02857
G1 X116.862 Y106.4 Z3.08571
G1 X117.898 Y106.608 Z3.14286
G1 X118.381 Y107.547 Z3.2
G1 X118.492 Y111.702 Z3.2
G1 Z2.8
G1 E1.2 F1800
G1 F6000
G1 X106.149 Y124.045 E.53638
G1 X105.615 Y124.045 E.01639
G1 X117.727 Y111.934 E.52629
G1 X117.516 Y111.886 E.00663
G1 X117.317 Y111.811 E.00655
G1 X105.082 Y124.045 E.53166
G1 X104.549 Y124.045 E.01639
G1 X116.952 Y111.642 E.539
G1 X116.66 Y111.401 E.01164
G1 X104.016 Y124.045 E.54946
G1 X103.482 Y124.045 E.01639
G1 X116.418 Y111.11 E.5621
G1 X116.214 Y110.78 E.01191
G1 X102.949 Y124.045 E.57643
G1 X102.416 Y124.045 E.01639
G1 X116.098 Y110.364 E.59454
G1 X116.065 Y110.229 E.00427
G1 X116.049 Y109.972 E.0079
G1 X116.062 Y109.866 E.00329
G1 X101.882 Y124.045 E.61617
G1 X101.349 Y124.045 E.01639
G1 X124.045 Y101.349 E.98626
G1 X124.045 Y100.816 E.01639
G1 X100.816 Y124.045 E1.00943
G1 X100.283 Y124.045 E.01639
G1 X124.045 Y100.283 E1.03261
G1 X124.045 Y99.749 E.01639
G1 X99.749 Y124.045 E1.05578
G1 X99.216 Y124.045 E.01639
G1 X124.045 Y99.216 E1.07895
G1 X124.045 Y98.683 E.01639
G1 X98.683 Y124.045 E1.10213
G1 X98.15 Y124.045 E.01639
G1 X124.045 Y98.15 E1.1253
G1 X124.045 Y97.616 E.01639
G1 X97.616 Y124.045 E1.14847
G1 X97.083 Y124.045 E.01639
G1 X124.045 Y97.083 E1.17165
G1 X124.045 Y96.55 E.01639
G1 X96.55 Y124.045 E1.19482
G1 X96.016 Y124.045 E.01639
G1 X124.045 Y96.016 E1.21799
G1 X124.045 Y95.955 E.0019
G1 X123.574 Y95.955 E.01448
G1 X95.955 Y123.574 E1.2002
G1 X95.955 Y123.041 E.01639
G1 X123.041 Y95.955 E1.17703
G1 X122.508 Y95.955 E.01639
G1 X95.955 Y122.508 E1.15385
G1 X95.955 Y121.974 E.01639
G1 X121.974 Y95.955 E1.13068
G1 X121.441 Y95.955 E.01639
G1 X95.955 Y121.441 E1.10751
G1 X95.955 Y120.908 E.01639
G1 X120.908 Y95.955 E1.08434
G1 X120.374 Y95.955 E.01639
G1 X95.955 Y120.374 E1.06116
G1 X95.955 Y119.841 E.01639
G1 X119.841 Y95.955 E1.03799
G1 X119.308 Y95.955 E.01639
G1 X95.955 Y119.308 E1.01482
G1 X95.955 Y118.775 E.01639
G1 X118.775 Y95.955 E.99164
G1 X118.241 Y95.955 E.01639
G1 X103.919 Y110.277 E.62237
G1 X103.951 Y110.125 E.00477
G1 X103.947 Y109.934 E.00587
G1 X103.918 Y109.745 E.00589
G1 X117.708 Y95.955 E.59924
G1 X117.175 Y95.955 E.01639
G1 X103.817 Y109.313 E.58047
G1 X103.643 Y108.953 E.01227
G1 X116.642 Y95.955 E.56485
G1 X116.108 Y95.955 E.01639
G1 X103.402 Y108.661 E.55216
G1 X103.126 Y108.404 E.01159
G1 X115.575 Y95.955 E.54098
G1 X115.042 Y95.955 E.01639
G1 X102.773 Y108.224 E.53315
G1 X102.529 Y108.118 E.00816
G1 X102.37 Y108.093 E.00495
G1 X114.509 Y95.955 E.52747
G1 X113.975 Y95.955 E.01639
G1 X101.67 Y108.26 E.53472
G1 E-.84 F2400
;WIPE_START
G1 F6000
G1 X102.377 Y107.553 E-.36
;WIPE_END
G1 F9000
G1 X101.947 Y108.517 Z2.85714
G1 X100.924 Y108.782 Z2.91429
G1 X100.08 Y108.148 Z2.97143
G1 X100.049 Y107.092 Z3.02857
G1 X100.855 Y106.41 Z3.08571
G1 X101.891 Y106.615 Z3.14286
G1 X102.377 Y107.553 Z3.2
G1 X102.498 Y111.698 Z3.2
G1 Z2.8
G1 E1.2 F1800
G1 F6000
G1 X95.955 Y118.241 E.28433
G1 X95.955 Y117.708 E.01639
G1 X101.732 Y111.931 E.25106
G1 X101.524 Y111.889 E.00651
G1 X101.318 Y111.811 E.00677
G1 X95.955 Y117.175 E.23307
G1 X95.955 Y116.642 E.01639
G1 X100.953 Y111.643 E.2172
G1 X100.661 Y111.402 E.01164
G1 X95.955 Y116.108 E.20451
G1 X95.955 Y115.575 E.01639
G1 X100.416 Y111.114 E.19387
G1 X100.251 Y110.859 E.00933
G1 X100.218 Y110.778 E.00268
G1 X95.955 Y115.042 E.18528
G1 X95.955 Y114.509 E.01639
G1 X100.095 Y110.368 E.17994
G1 X100.058 Y110.195 E.00544
G1 X100.061 Y109.869 E.01002
G1 X95.955 Y113.975 E.17846
G1 X95.955 Y113.442 E.01639
G1 X113.442 Y95.955 E.75991
G1 X112.909 Y95.955 E.01639
G1 X95.955 Y112.909 E.73674
G1 X95.955 Y112.375 E.01639
G1 X112.375 Y95.955 E.71357
G1 X111.842 Y95.955 E.01639
G1 X95.955 Y111.842 E.69039
G1 X95.955 Y111.309 E.01639
G1 X111.309 Y95.955 E.66722
G1 X110.776 Y95.955 E.01639
G1 X95.955 Y110.776 E.64405
G1 X95.955 Y110.242 E.01639
G1 X110.242 Y95.955 E.62087
G1 X109.709 Y95.955 E.01639
G1 X95.955 Y109.709 E.5977
G1 X95.955 Y109.176 E.01639
G1 X109.176 Y95.955 E.57453
G1 X108.643 Y95.955 E.01639
G1 X95.955 Y108.643 E.55135
G1 X95.955 Y108.109 E.01639
G1 X108.109 Y95.955 E.52818
G1 X107.576 Y95.955 E.01639
G1 X95.955 Y107.576 E.50501
G1 X95.955 Y107.043 E.01639
G1 X107.043 Y95.955 E.48183
G1 X106.509 Y95.955 E.01639
G1 X95.955 Y106.509 E.45866
G1 X95.955 Y105.976 E.01639
G1 X105.976 Y95.955 E.43549
G1 X105.443 Y95.955 E.01639
G1 X95.955 Y105.443 E.41231
G1 X95.955 Y104.91 E.01639
G1 X104.91 Y95.955 E.38914
G1 X104.376 Y95.955 E.01639
G1 X95.955 Y104.376 E.36597
G1 X95.955 Y103.843 E.01639
G1 X103.843 Y95.955 E.3428
G1 X103.31 Y95.955 E.01639
G1 X95.955 Y103.31 E.31962
G1 X95.955 Y102.777 E.01639
G1 X102.777 Y95.955 E.29645
G1 X102.243 Y95.955 E.01639
G1 X95.955 Y102.243 E.27328
G1 X95.955 Y101.71 E.01639
G1 X101.71 Y95.955 E.2501
G1 X101.177 Y95.955 E.01639
G1 X95.955 Y101.177 E.22693
G1 X95.955 Y100.643 E.01639
G1 X100.643 Y95.955 E.20376
G1 X100.11 Y95.955 E.01639
G1 X95.955 Y100.11 E.18058
G1 X95.955 Y99.577 E.01639
G1 X99.577 Y95.955 E.15741
G1 X99.044 Y95.955 E.01639
G1 X95.955 Y99.044 E.13424
G1 X95.955 Y98.51 E.01639
G1 X98.51 Y95.955 E.11106
G1 X97.977 Y95.955 E.01639
G1 X95.955 Y97.977 E.08789
G1 X95.955 Y97.444 E.01639
G1 X97.444 Y95.955 E.06472
G1 X96.911 Y95.955 E.01639
G1 X95.785 Y97.08 E.04892
; stop printing object prueba_base rueda loka.STL id:0 copy 0
;LAYER_CHANGE
;Z:3
;HEIGHT:0.2
;BEFORE_LAYER_CHANGE
;3
G92 E0

G1 E-.84 F2400
;WIPE_START
G1 F6000
G1 X96.492 Y96.373 E-.36
;WIPE_END
;_SET_FAN_SPEED_CHANGING_LAYER
; printing object prueba_base rueda loka.STL id:0 copy 0
G1 F9000
G1 X96.8386 Y97.3707 Z3.05714
G1 X96.2749 Y98.2637 Z3.11429
G1 X95.2252 Y98.3797 Z3.17143
G1 X94.4801 Y97.6314 Z3.22857
G1 X94.6006 Y96.5822 Z3.28571
G1 X95.4959 Y96.0223 Z3.34286
G1 X96.492 Y96.3732 Z3.4
G1 X124.376 Y124.376 Z3.4
G1 Z3
G1 E1.2 F1800
M204 P2000
;TYPE:Inner wall
;WIDTH:0.449999
G1 F3600
G1 X95.624 Y124.376 E.95379
G1 X95.624 Y95.624 E.95379
G1 X124.376 Y95.624 E.95379
G1 X124.376 Y124.336 E.95246
M204 T1000
G1 X124.79 Y124.79 F9000
M204 P1000
;TYPE:Outer wall
;WIDTH:0.419999
G1 F2400
G1 X95.21 Y124.79 E.90891
G1 X95.21 Y95.21 E.90891
G1 X124.79 Y95.21 E.90891
G1 X124.79 Y124.75 E.90768
M204 T2500
G1 E-.84
;WIPE_START
G1 X123.79 Y124.751 E-.36
;WIPE_END
G1 F9000
G1 X123.915 Y123.703 Z3.05714
G1 X124.813 Y123.146 Z3.11429
G1 X125.807 Y123.502 Z3.17143
G1 X126.15 Y124.5 Z3.22857
G1 X125.582 Y125.391 Z3.28571
G1 X124.532 Y125.503 Z3.34286
G1 X123.79 Y124.751 Z3.4
G1 X118.183 Y108.4 Z3.4
G1 Z3
G1 E1.2 F1800
M204 P2000
;TYPE:Inner wall
;WIDTH:0.449999
G1 F3600
G1 X118.081 Y108.38 E.00346
G1 X117.558 Y108.438 E.01744
G1 X117.062 Y108.675 E.01824
G1 X116.697 Y109.031 E.01691
G1 X116.465 Y109.474 E.01659
G1 X116.382 Y110.119 E.02156
G1 X116.496 Y110.612 E.01678
G1 X116.779 Y111.07 E.01788
G1 X117.172 Y111.396 E.01693
G1 X117.691 Y111.593 E.01842
G1 X118.176 Y111.609 E.0161
G1 X118.702 Y111.458 E.01814
G1 X119.148 Y111.141 E.01814
G1 X119.462 Y110.693 E.01814
G1 X119.614 Y110.145 E.01889
G1 X119.573 Y109.621 E.01743
G1 X119.357 Y109.118 E.01814
G1 X118.991 Y108.721 E.01793
G1 X118.504 Y108.462 E.01828
G1 X118.223 Y108.408 E.00951
M204 T1000
G1 X118.117 Y108.796 F9000
M204 P1000
;TYPE:Outer wall
;WIDTH:0.419999
G1 F2400
G1 X117.723 Y108.824 E.01213
G1 X117.347 Y108.984 E.01255
G1 X117.046 Y109.259 E.01255
G1 X116.853 Y109.619 E.01255
G1 X116.792 Y110.023 E.01255
G1 X116.869 Y110.424 E.01255
G1 X117.075 Y110.777 E.01255
G1 X117.381 Y111.037 E.01236
G1 X117.767 Y111.185 E.01271
G1 X118.176 Y111.195 E.01257
G1 X118.564 Y111.068 E.01255
G1 X118.888 Y110.819 E.01255
G1 X119.11 Y110.477 E.01255
G1 X119.205 Y110.079 E.01255
G1 X119.163 Y109.673 E.01255
G1 X118.988 Y109.305 E.01255
G1 X118.704 Y109.019 E.01236
G1 X118.332 Y108.839 E.01271
G1 X118.156 Y108.804 E.00552
M204 T2500
G1 E-.84
;WIPE_START
G1 X117.723 Y108.824 E-.15603
G1 X117.347 Y108.984 E-.147
G1 X117.23 Y109.09 E-.05698
;WIPE_END
G1 F9000
G1 X116.301 Y108.589 Z3.05714
G1 X116.113 Y107.55 Z3.11429
G1 X116.809 Y106.755 Z3.17143
G1 X117.864 Y106.804 Z3.22857
G1 X118.484 Y107.659 Z3.28571
G1 X118.202 Y108.676 Z3.34286
G1 X117.23 Y109.09 Z3.4
G1 X102.165 Y108.399 Z3.4
G1 Z3
G1 E1.2 F1800
M204 P2000
;TYPE:Inner wall
;WIDTH:0.449999
G1 F3600
G1 X102.039 Y108.382 E.0042
G1 X101.499 Y108.461 E.01812
G1 X101.021 Y108.712 E.01791
G1 X100.643 Y109.118 E.0184
G1 X100.427 Y109.621 E.01815
G1 X100.39 Y110.167 E.01814
G1 X100.538 Y110.693 E.01814
G1 X100.783 Y111.075 E.01506
G1 X101.212 Y111.42 E.01826
G1 X101.733 Y111.601 E.01828
G1 X102.277 Y111.6 E.01805
G1 X102.764 Y111.432 E.01712
G1 X103.186 Y111.107 E.01767
G1 X103.484 Y110.655 E.01795
G1 X103.61 Y110.167 E.01673
G1 X103.618 Y109.97 E.00651
G1 X103.535 Y109.474 E.01669
G1 X103.303 Y109.031 E.01659
G1 X102.938 Y108.675 E.01691
G1 X102.433 Y108.436 E.01852
G1 X102.204 Y108.405 E.00767
M204 T1000
G1 X102.132 Y108.799 F9000
M204 P1000
;TYPE:Outer wall
;WIDTH:0.419999
G1 F2400
G1 X102.117 Y108.796 E.00048
G1 X101.723 Y108.824 E.01213
G1 X101.352 Y108.981 E.01236
G1 X101.046 Y109.259 E.01271
G1 X100.853 Y109.619 E.01257
G1 X100.795 Y110.079 E.01425
G1 X100.869 Y110.424 E.01083
G1 X101.075 Y110.777 E.01255
G1 X101.386 Y111.041 E.01255
G1 X101.768 Y111.186 E.01255
G1 X102.176 Y111.195 E.01255
G1 X102.564 Y111.068 E.01255
G1 X102.888 Y110.819 E.01254
G1 X103.11 Y110.477 E.01255
G1 X103.205 Y110.079 E.01255
G1 X103.163 Y109.673 E.01255
G1 X102.988 Y109.305 E.01255
G1 X102.7 Y109.015 E.01255
G1 X102.332 Y108.838 E.01255
G1 X102.171 Y108.807 E.00502
M204 T2500
G1 E-.84
;WIPE_START
G1 X102.117 Y108.796 E-.01999
G1 X101.723 Y108.824 E-.14209
G1 X101.352 Y108.981 E-.14485
G1 X101.243 Y109.08 E-.05307
;WIPE_END
G1 F9000
G1 X102.298 Y109.026 Z3.05714
G1 X102.998 Y109.817 Z3.11429
G1 X102.816 Y110.857 Z3.17143
G1 X101.889 Y111.363 Z3.22857
G1 X100.915 Y110.954 Z3.28571
G1 X100.628 Y109.938 Z3.34286
G1 X101.243 Y109.08 Z3.4
G1 X124.256 Y96.507 Z3.4
G1 Z3
G1 E1.2 F1800
M204 P2500
;TYPE:Top surface
;WIDTH:0.420255
G1 X123.493 Y95.744 E.03317
G1 X122.959 Y95.744 F9000
G1 F1800
G1 X124.256 Y97.041 E.05637
G1 X124.256 Y97.574 F9000
G1 F1800
G1 X122.426 Y95.744 E.07958
G1 X121.892 Y95.744 F9000
G1 F1800
G1 X124.256 Y98.108 E.10278
G1 X124.256 Y98.642 F9000
G1 F1800
G1 X121.358 Y95.744 E.12599
G1 X120.825 Y95.744 F9000
G1 F1800
G1 X124.256 Y99.175 E.14919
G1 X124.256 Y99.709 F9000
G1 F1800
G1 X120.291 Y95.744 E.1724
G1 X119.758 Y95.744 F9000
G1 F1800
G1 X124.256 Y100.242 E.1956
G1 X124.256 Y100.776 F9000
G1 F1800
G1 X119.224 Y95.744 E.21881
G1 X118.69 Y95.744 F9000
G1 F1800
G1 X124.256 Y101.31 E.24201
G1 X124.256 Y101.843 F9000
G1 F1800
G1 X118.157 Y95.744 E.26522
G1 X117.623 Y95.744 F9000
G1 F1800
G1 X124.256 Y102.377 E.28842
G1 X124.256 Y102.911 F9000
G1 F1800
G1 X117.089 Y95.744 E.31163
G1 X116.556 Y95.744 F9000
G1 F1800
G1 X124.256 Y103.444 E.33483
G1 X124.256 Y103.978 F9000
G1 F1800
G1 X116.022 Y95.744 E.35803
G1 X115.489 Y95.744 F9000
G1 F1800
G1 X124.256 Y104.511 E.38124
G1 X124.256 Y105.045 F9000
G1 F1800
G1 X114.955 Y95.744 E.40444
G1 X114.421 Y95.744 F9000
G1 F1800
G1 X124.256 Y105.579 E.42765
G1 X124.256 Y106.112 F9000
G1 F1800
G1 X113.888 Y95.744 E.45085
G1 X113.354 Y95.744 F9000
G1 F1800
G1 X124.256 Y106.646 E.47406
G1 X124.256 Y107.18 F9000
G1 F1800
G1 X112.82 Y95.744 E.49726
G1 X112.287 Y95.744 F9000
G1 F1800
G1 X124.256 Y107.713 E.52047
G1 X124.256 Y108.247 F9000
G1 F1800
G1 X111.753 Y95.744 E.54367
G1 X111.219 Y95.744 F9000
G1 F1800
G1 X124.256 Y108.781 E.56688
G1 X124.256 Y109.314 F9000
G1 F1800
G1 X110.686 Y95.744 E.59008
G1 X110.152 Y95.744 F9000
G1 F1800
G1 X124.256 Y109.848 E.61329
G1 X124.256 Y110.381 F9000
G1 F1800
G1 X109.619 Y95.744 E.63649
G1 X109.085 Y95.744 F9000
G1 F1800
G1 X124.256 Y110.915 E.65969
G1 X124.256 Y111.449 F9000
G1 F1800
G1 X108.551 Y95.744 E.6829
G1 X108.018 Y95.744 F9000
G1 F1800
G1 X124.256 Y111.982 E.7061
G1 X124.256 Y112.516 F9000
G1 F1800
G1 X107.484 Y95.744 E.72931
G1 X106.95 Y95.744 F9000
G1 F1800
G1 X124.256 Y113.05 E.75251
G1 X124.256 Y113.583 F9000
G1 F1800
G1 X106.417 Y95.744 E.77572
G1 X105.883 Y95.744 F9000
G1 F1800
G1 X118.457 Y108.318 E.54677
G1 X117.882 Y108.276 F9000
G1 F1800
G1 X105.35 Y95.744 E.54495
G1 X104.816 Y95.744 F9000
G1 F1800
G1 X117.431 Y108.359 E.54856
G1 X117.07 Y108.532 F9000
G1 F1800
G1 X104.282 Y95.744 E.55606
G1 X103.749 Y95.744 F9000
G1 F1800
G1 X116.78 Y108.776 E.56667
G1 X116.538 Y109.067 F9000
G1 F1800
G1 X103.215 Y95.744 E.57932
G1 X102.681 Y95.744 F9000
G1 F1800
G1 X116.358 Y109.421 E.59472
G1 X116.274 Y109.87 F9000
G1 F1800
G1 X102.148 Y95.744 E.61425
G1 X101.614 Y95.744 F9000
G1 F1800
G1 X116.34 Y110.47 E.64034
G1 E-.84 F2400
;WIPE_START
G1 F1800
G1 X115.633 Y109.763 E-.36
;WIPE_END
G1 F9000
G1 X116.609 Y110.165 Z3.05714
G1 X116.903 Y111.18 Z3.11429
G1 X116.294 Y112.042 Z3.17143
G1 X115.239 Y112.103 Z3.22857
G1 X114.534 Y111.317 Z3.28571
G1 X114.709 Y110.275 Z3.34286
G1 X115.633 Y109.763 Z3.4
G1 X119.668 Y109.529 Z3.4
G1 Z3
G1 E1.2 F1800
G1 X124.256 Y114.117 E.19948
G1 X124.256 Y114.65 F9000
G1 F1800
G1 X119.736 Y110.13 E.19656
G1 X119.64 Y110.568 F9000
G1 F1800
G1 X124.256 Y115.184 E.20074
G1 X124.256 Y115.718 F9000
G1 F1800
G1 X119.462 Y110.924 E.20846
G1 X119.23 Y111.226 F9000
G1 F1800
G1 X124.256 Y116.251 E.21854
G1 X124.256 Y116.785 F9000
G1 F1800
G1 X118.93 Y111.459 E.23158
G1 X118.567 Y111.63 F9000
G1 F1800
G1 X124.256 Y117.319 E.24737
G1 X124.256 Y117.852 F9000
G1 F1800
G1 X118.132 Y111.729 E.26628
G1 X117.541 Y111.671 F9000
G1 F1800
G1 X124.256 Y118.386 E.29199
G1 X124.256 Y118.92 F9000
G1 F1800
G1 X101.08 Y95.744 E1.00776
G1 X100.547 Y95.744 F9000
G1 F1800
G1 X124.256 Y119.453 E1.03097
G1 X124.256 Y119.987 F9000
G1 F1800
G1 X100.013 Y95.744 E1.05417
G1 X99.48 Y95.744 F9000
G1 F1800
G1 X124.256 Y120.52 E1.07738
G1 X124.256 Y121.054 F9000
G1 F1800
G1 X98.946 Y95.744 E1.10058
G1 X98.412 Y95.744 F9000
G1 F1800
G1 X124.256 Y121.588 E1.12379
G1 X124.256 Y122.121 F9000
G1 F1800
G1 X97.879 Y95.744 E1.14699
G1 X97.345 Y95.744 F9000
G1 F1800
G1 X124.256 Y122.655 E1.1702
G1 X124.256 Y123.189 F9000
G1 F1800
G1 X96.811 Y95.744 E1.1934
G1 X96.278 Y95.744 F9000
G1 F1800
G1 X124.256 Y123.722 E1.21661
G1 X124.256 Y124.256 F9000
G1 F1800
G1 X95.744 Y95.744 E1.23981
G1 X95.744 Y96.278 F9000
G1 F1800
G1 X123.722 Y124.256 E1.2166
G1 X123.189 Y124.256 F9000
G1 F1800
G1 X95.744 Y96.811 E1.1934
G1 X95.744 Y97.345 F9000
G1 F1800
G1 X122.655 Y124.256 E1.1702
G1 X122.121 Y124.256 F9000
G1 F1800
G1 X95.744 Y97.879 E1.14699
G1 X95.744 Y98.412 F9000
G1 F1800
G1 X121.588 Y124.256 E1.12379
G1 X121.054 Y124.256 F9000
G1 F1800
G1 X95.744 Y98.946 E1.10058
G1 X95.744 Y99.48 F9000
G1 F1800
G1 X120.52 Y124.256 E1.07738
G1 X119.987 Y124.256 F9000
G1 F1800
G1 X95.744 Y100.013 E1.05417
G1 X95.744 Y100.547 F9000
G1 F1800
G1 X119.453 Y124.256 E1.03097
G1 X118.92 Y124.256 F9000
G1 F1800
G1 X95.744 Y101.08 E1.00776
G1 X95.744 Y101.614 F9000
G1 F1800
G1 X102.448 Y108.318 E.29151
G1 X101.876 Y108.28 F9000
G1 F1800
G1 X95.744 Y102.148 E.26666
G1 X95.744 Y102.681 F9000
G1 F1800
G1 X101.431 Y108.369 E.2473
G1 X101.068 Y108.539 F9000
G1 F1800
G1 X95.744 Y103.215 E.2315
G1 X95.744 Y103.749 F9000
G1 F1800
G1 X100.775 Y108.78 E.21876
G1 X100.532 Y109.07 F9000
G1 F1800
G1 X95.744 Y104.282 E.2082
G1 X95.744 Y104.816 F9000
G1 F1800
G1 X100.361 Y109.433 E.20077
G1 X100.272 Y109.878 F9000
G1 F1800
G1 X95.744 Y105.35 E.1969
G1 X95.744 Y105.883 F9000
G1 F1800
G1 X100.333 Y110.472 E.19953
G1 E-.84 F2400
;WIPE_START
G1 F1800
G1 X99.626 Y109.765 E-.36
;WIPE_END
G1 F9000
G1 X100.601 Y110.171 Z3.05714
G1 X100.891 Y111.186 Z3.11429
G1 X100.279 Y112.046 Z3.17143
G1 X99.2241 Y112.103 Z3.22857
G1 X98.5218 Y111.315 Z3.28571
G1 X98.7005 Y110.274 Z3.34286
G1 X99.6257 Y109.765 Z3.4
G1 X103.674 Y109.544 Z3.4
G1 Z3
G1 E1.2 F1800
G1 X118.386 Y124.256 E.63972
G1 X117.852 Y124.256 F9000
G1 F1800
G1 X103.733 Y110.137 E.61395
G1 X103.641 Y110.578 F9000
G1 F1800
G1 X117.319 Y124.256 E.59477
G1 X116.785 Y124.256 F9000
G1 F1800
G1 X103.455 Y110.926 E.57963
G1 X103.221 Y111.226 F9000
G1 F1800
G1 X116.251 Y124.256 E.56661
G1 X115.718 Y124.256 F9000
G1 F1800
G1 X102.928 Y111.467 E.55613
G1 X102.562 Y111.633 F9000
G1 F1800
G1 X115.184 Y124.256 E.54888
G1 X114.65 Y124.256 F9000
G1 F1800
G1 X102.123 Y111.728 E.54476
G1 X101.526 Y111.665 F9000
G1 F1800
G1 X114.117 Y124.256 E.5475
G1 X113.583 Y124.256 F9000
G1 F1800
G1 X95.744 Y106.417 E.77572
G1 X95.744 Y106.95 F9000
G1 F1800
G1 X113.05 Y124.256 E.75251
G1 X112.516 Y124.256 F9000
G1 F1800
G1 X95.744 Y107.484 E.72931
G1 X95.744 Y108.018 F9000
G1 F1800
G1 X111.982 Y124.256 E.7061
G1 X111.449 Y124.256 F9000
G1 F1800
G1 X95.744 Y108.551 E.6829
G1 X95.744 Y109.085 F9000
G1 F1800
G1 X110.915 Y124.256 E.65969
G1 X110.381 Y124.256 F9000
G1 F1800
G1 X95.744 Y109.619 E.63649
G1 X95.744 Y110.152 F9000
G1 F1800
G1 X109.848 Y124.256 E.61328
G1 X109.314 Y124.256 F9000
G1 F1800
G1 X95.744 Y110.686 E.59008
G1 X95.744 Y111.22 F9000
G1 F1800
G1 X108.78 Y124.256 E.56688
G1 X108.247 Y124.256 F9000
G1 F1800
G1 X95.744 Y111.753 E.54367
G1 X95.744 Y112.287 F9000
G1 F1800
G1 X107.713 Y124.256 E.52047
G1 X107.18 Y124.256 F9000
G1 F1800
G1 X95.744 Y112.82 E.49726
G1 X95.744 Y113.354 F9000
G1 F1800
G1 X106.646 Y124.256 E.47406
G1 X106.112 Y124.256 F9000
G1 F1800
G1 X95.744 Y113.888 E.45085
G1 X95.744 Y114.421 F9000
G1 F1800
G1 X105.579 Y124.256 E.42765
G1 X105.045 Y124.256 F9000
G1 F1800
G1 X95.744 Y114.955 E.40444
G1 X95.744 Y115.489 F9000
G1 F1800
G1 X104.511 Y124.256 E.38124
G1 X103.978 Y124.256 F9000
G1 F1800
G1 X95.744 Y116.022 E.35803
G1 X95.744 Y116.556 F9000
G1 F1800
G1 X103.444 Y124.256 E.33483
G1 X102.911 Y124.256 F9000
G1 F1800
G1 X95.744 Y117.089 E.31162
G1 X95.744 Y117.623 F9000
G1 F1800
G1 X102.377 Y124.256 E.28842
G1 X101.843 Y124.256 F9000
G1 F1800
G1 X95.744 Y118.157 E.26522
G1 X95.744 Y118.69 F9000
G1 F1800
G1 X101.31 Y124.256 E.24201
G1 X100.776 Y124.256 F9000
G1 F1800
G1 X95.744 Y119.224 E.21881
G1 X95.744 Y119.758 F9000
G1 F1800
G1 X100.242 Y124.256 E.1956
G1 X99.709 Y124.256 F9000
G1 F1800
G1 X95.744 Y120.291 E.1724
G1 X95.744 Y120.825 F9000
G1 F1800
G1 X99.175 Y124.256 E.14919
G1 X98.641 Y124.256 F9000
G1 F1800
G1 X95.744 Y121.359 E.12599
G1 X95.744 Y121.892 F9000
G1 F1800
G1 X98.108 Y124.256 E.10278
G1 X97.574 Y124.256 F9000
G1 F1800
G1 X95.744 Y122.426 E.07958
G1 X95.744 Y122.959 F9000
G1 F1800
G1 X97.041 Y124.256 E.05637
G1 X96.507 Y124.256 F9000
G1 F1800
G1 X95.744 Y123.493 E.03317
; stop printing object prueba_base rueda loka.STL id:0 copy 0
G1 E-.84 F2400
;WIPE_START
G1 F1800
G1 X96.451 Y124.2 E-.36
;WIPE_END
M106 S0
;TYPE:Custom
; filament end gcode 
G91 ;Relative positionning 
G1 E-2 F2700 ;Retract a bit 
G1 E-2 Z0.2 F2400 ;Retract and raise Z 
G1 X5 Y5 F3000 ;Wipe out 
G1 Z10 ;Raise Z more 
G90 ;Absolute positionning 
 
G1 X0 Y220 ;Present print 
M106 S0 ;Turn-off fan 
M104 S0 ;Turn-off hotend 
M140 S0 ;Turn-off bed 
 
M84 X Y E ;Disable all steppers but Z
; EXECUTABLE_BLOCK_END

; filament used [mm] = 776.52
; filament used [cm3] = 1.87
; filament used [g] = 2.32
; filament cost = 0.05
; total filament used [g] = 2.32
; total filament cost = 0.05
; total layers count = 15
; estimated printing time (normal mode) = 8m 7s
; estimated first layer printing time (normal mode) = 12s

; CONFIG_BLOCK_START
; accel_to_decel_enable = 1
; accel_to_decel_factor = 50%
; activate_air_filtration = 0
; activate_air_filtration_during_print = 1
; activate_air_filtration_on_completion = 1
; activate_chamber_temp_control = 0
; adaptive_bed_mesh_margin = 0
; adaptive_pressure_advance = 0
; adaptive_pressure_advance_bridges = 0
; adaptive_pressure_advance_model = "0,0,0\n0,0,0"
; adaptive_pressure_advance_overhangs = 0
; additional_cooling_fan_speed = 70
; additional_fan_full_speed_layer = 0
; align_infill_direction_to_model = 0
; alternate_extra_wall = 0
; auxiliary_fan = 0
; bbl_calib_mark_logo = 1
; bbl_use_printhost = 0
; bed_custom_model = 
; bed_custom_texture = 
; bed_exclude_area = 0x0
; bed_mesh_max = 99999,99999
; bed_mesh_min = -99999,-99999
; bed_mesh_probe_distance = 50,50
; bed_temperature_formula = by_highest_temp
; before_layer_change_gcode = ;BEFORE_LAYER_CHANGE\n;[layer_z]\nG92 E0\n
; best_object_pos = 0.5,0.5
; bottom_shell_layers = 4
; bottom_shell_thickness = 0
; bottom_solid_infill_flow_ratio = 1
; bottom_surface_density = 100%
; bottom_surface_filament_id = 0
; bottom_surface_pattern = monotonic
; bridge_acceleration = 50%
; bridge_angle = 0
; bridge_density = 100%
; bridge_flow = 0.95
; bridge_line_width = 100%
; bridge_no_support = 0
; bridge_speed = 100
; brim_ears_detection_length = 1
; brim_ears_max_angle = 125
; brim_flow_ratio = 1
; brim_object_gap = 0.1
; brim_type = no_brim
; brim_use_efc_outline = 0
; brim_width = 5
; calib_flowrate_topinfill_special_order = 0
; chamber_minimal_temperature = 0
; chamber_temperature = 0
; change_extrusion_role_gcode = 
; change_filament_gcode = M600
; close_additional_fan_first_x_layers = 1
; close_fan_the_first_x_layers = 1
; combine_brims = 0
; complete_print_exhaust_fan_speed = 80
; cool_plate_temp = 55
; cool_plate_temp_initial_layer = 55
; cooling_tube_length = 5
; cooling_tube_retraction = 91.5
; counterbore_hole_bridging = none
; curr_bed_type = High Temp Plate
; default_acceleration = 2500
; default_bed_type = 
; default_filament_colour = ""
; default_filament_profile = "Creality Generic PLA @Ender-3V3-all"
; default_jerk = 0
; default_junction_deviation = 0
; default_nozzle_volume_type = Standard
; default_print_profile = 0.20mm Standard @Creality Ender3V3SE 0.4
; deretraction_speed = 30
; detect_narrow_internal_solid_infill = 1
; detect_overhang_wall = 1
; detect_thin_wall = 1
; different_settings_to_system = initial_layer_infill_speed;inner_wall_speed;internal_solid_infill_speed;outer_wall_speed;slow_down_layers;sparse_infill_speed;support_interface_speed;top_surface_speed;filament_type;filament_vendor;hot_plate_temp;hot_plate_temp_initial_layer;nozzle_temperature;nozzle_temperature_initial_layer;nozzle_temperature_range_high;nozzle_temperature_range_low;
; disable_m73 = 1
; dont_filter_internal_bridges = disabled
; dont_slow_down_outer_wall = 0
; draft_shield = disabled
; during_print_exhaust_fan_speed = 60
; elefant_foot_compensation = 0
; elefant_foot_compensation_layers = 1
; elefant_foot_layers_density = 100%
; emit_machine_limits_to_gcode = 1
; enable_arc_fitting = 0
; enable_extra_bridge_layer = disabled
; enable_filament_ramming = 1
; enable_long_retraction_when_cut = 0
; enable_overhang_bridge_fan = 1
; enable_overhang_speed = 1
; enable_power_loss_recovery = printer_configuration
; enable_pressure_advance = 0
; enable_prime_tower = 0
; enable_support = 0
; enable_tower_interface_cooldown_during_tower = 0
; enable_tower_interface_features = 0
; enable_wrapping_detection = 0
; enforce_support_layers = 0
; eng_plate_temp = 55
; eng_plate_temp_initial_layer = 55
; ensure_vertical_shell_thickness = ensure_all
; exclude_object = 0
; extra_loading_move = -2
; extra_perimeters_on_overhangs = 0
; extra_solid_infills = 
; extruder_ams_count = 1#0|4#0;1#0|4#0
; extruder_clearance_height_to_lid = 34
; extruder_clearance_height_to_rod = 47
; extruder_clearance_radius = 90
; extruder_colour = #26A69A
; extruder_offset = 0x0
; extruder_printable_area = 
; extruder_printable_height = 0
; extruder_type = Direct Drive
; extruder_variant_list = "Direct Drive Standard"
; extrusion_rate_smoothing_external_perimeter_only = 0
; fan_cooling_layer_time = 100
; fan_kickstart = 0
; fan_max_speed = 100
; fan_min_speed = 100
; fan_speedup_overhangs = 1
; fan_speedup_time = 0
; filament_adaptive_volumetric_speed = 0
; filament_adhesiveness_category = 0
; filament_change_extrusion_role_gcode = ""
; filament_change_length = 10
; filament_colour = #26A69A
; filament_colour_type = 1
; filament_cooling_before_tower = 10
; filament_cooling_final_speed = 3.4
; filament_cooling_initial_speed = 2.2
; filament_cooling_moves = 4
; filament_cost = 20
; filament_density = 1.24
; filament_diameter = 1.75
; filament_end_gcode = "; filament end gcode \n"
; filament_extruder_variant = "Direct Drive Standard"
; filament_flow_ratio = 0.98
; filament_flush_temp = 0
; filament_flush_volumetric_speed = 0
; filament_ids = GFL99
; filament_is_support = 0
; filament_loading_speed = 28
; filament_loading_speed_start = 3
; filament_map = 1
; filament_map_mode = Auto For Flush
; filament_max_volumetric_speed = 18
; filament_minimal_purge_on_wipe_tower = 15
; filament_multi_colour = #26A69A
; filament_multitool_ramming = 0
; filament_multitool_ramming_flow = 10
; filament_multitool_ramming_volume = 10
; filament_notes = ""
; filament_printable = 3
; filament_ramming_parameters = "120 100 6.6 6.8 7.2 7.6 7.9 8.2 8.7 9.4 9.9 10.0| 0.05 6.6 0.45 6.8 0.95 7.8 1.45 8.3 1.95 9.7 2.45 10 2.95 7.6 3.45 7.6 3.95 7.6 4.45 7.6 4.95 7.6"
; filament_self_index = 1
; filament_settings_id = Creality_PETG
; filament_shrink = 100%
; filament_shrinkage_compensation_z = 100%
; filament_soluble = 0
; filament_stamping_distance = 0
; filament_stamping_loading_speed = 0
; filament_start_gcode = "; filament start gcode\n"
; filament_toolchange_delay = 0
; filament_tower_interface_pre_extrusion_dist = 10
; filament_tower_interface_pre_extrusion_length = 0
; filament_tower_interface_print_temp = -1
; filament_tower_interface_purge_volume = 20
; filament_tower_ironing_area = 4
; filament_type = PETG
; filament_unloading_speed = 90
; filament_unloading_speed_start = 100
; filament_vendor = creality
; file_start_gcode = ;FLAVOR:Marlin\n;TIME:{print_time_sec}\n;Filament used:{used_filament_length}m\n;Layer height:{layer_height}
; filename_format = {input_filename_base}_{filament_type[initial_tool]}_{print_time}.gcode
; fill_multiline = 1
; filter_out_gap_fill = 0
; first_layer_flow_ratio = 1
; first_layer_print_sequence = 0
; first_x_layer_fan_speed = 0
; flashforge_serial_number = 
; flush_into_infill = 0
; flush_into_objects = 0
; flush_into_support = 1
; flush_multiplier = 0.3
; flush_volumes_matrix = 0
; flush_volumes_vector = 140,140
; full_fan_speed_layer = 0
; fuzzy_skin = disabled_fuzzy
; fuzzy_skin_first_layer = 0
; fuzzy_skin_layers_between_ripple_offset = 1
; fuzzy_skin_mode = displacement
; fuzzy_skin_noise_type = classic
; fuzzy_skin_octaves = 4
; fuzzy_skin_persistence = 0.5
; fuzzy_skin_point_distance = 0.3
; fuzzy_skin_ripple_offset = 50%
; fuzzy_skin_ripples_per_layer = 15
; fuzzy_skin_scale = 1
; fuzzy_skin_thickness = 0.2
; gap_fill_flow_ratio = 1
; gap_fill_target = nowhere
; gap_infill_speed = 50
; gcode_add_line_number = 0
; gcode_comments = 0
; gcode_flavor = marlin2
; gcode_label_objects = 1
; grab_length = 0
; gyroid_optimized = 0
; has_scarf_joint_seam = 0
; head_wrap_detect_zone = 
; high_current_on_filament_swap = 0
; hole_to_polyhole = 0
; hole_to_polyhole_threshold = 0.01
; hole_to_polyhole_twisted = 1
; host_type = octoprint
; hot_plate_temp = 80
; hot_plate_temp_initial_layer = 80
; idle_temperature = 0
; independent_support_layer_height = 1
; infill_anchor = 400%
; infill_anchor_max = 20
; infill_combination = 0
; infill_combination_max_layer_height = 100%
; infill_direction = 45
; infill_jerk = 9
; infill_lock_depth = 1
; infill_overhang_angle = 60
; infill_shift_step = 0.4
; infill_wall_overlap = 15%
; inherits_group = "0.20mm Standard @Creality Ender3V3SE 0.4";"Creality Generic PLA @Ender-3V3-all";
; initial_layer_acceleration = 500
; initial_layer_infill_speed = 30
; initial_layer_jerk = 9
; initial_layer_line_width = 0.46
; initial_layer_min_bead_width = 85%
; initial_layer_print_height = 0.2
; initial_layer_speed = 30
; initial_layer_travel_acceleration = 100%
; initial_layer_travel_jerk = 100%
; initial_layer_travel_speed = 100%
; inner_wall_acceleration = 2000
; inner_wall_filament_id = 0
; inner_wall_flow_ratio = 1
; inner_wall_jerk = 9
; inner_wall_line_width = 0.45
; inner_wall_speed = 60
; input_shaping_damp_x = 0.1
; input_shaping_damp_y = 0.1
; input_shaping_emit = 0
; input_shaping_freq_x = 0
; input_shaping_freq_y = 0
; input_shaping_type = Default
; interface_shells = 0
; interlocking_beam = 0
; interlocking_beam_layer_count = 2
; interlocking_beam_width = 0.8
; interlocking_boundary_avoidance = 2
; interlocking_depth = 2
; interlocking_orientation = 22.5
; internal_bridge_angle = 0
; internal_bridge_density = 100%
; internal_bridge_fan_speed = -1
; internal_bridge_flow = 1
; internal_bridge_speed = 150%
; internal_solid_filament_id = 0
; internal_solid_infill_acceleration = 100%
; internal_solid_infill_flow_ratio = 1
; internal_solid_infill_line_width = 0.42
; internal_solid_infill_pattern = monotonic
; internal_solid_infill_speed = 100
; ironing_angle = 0
; ironing_angle_fixed = 0
; ironing_expansion = 0
; ironing_fan_speed = -1
; ironing_flow = 15%
; ironing_inset = 0
; ironing_pattern = rectilinear
; ironing_spacing = 0.1
; ironing_speed = 20
; ironing_type = no ironing
; is_infill_first = 0
; lateral_lattice_angle_1 = -45
; lateral_lattice_angle_2 = 45
; layer_change_gcode = 
; layer_height = 0.2
; lightning_overhang_angle = 45
; lightning_prune_angle = 45
; lightning_straightening_angle = 45
; line_width = 0.46
; long_retractions_when_cut = 0
; long_retractions_when_ec = 0
; machine_end_gcode = G91 ;Relative positionning \nG1 E-2 F2700 ;Retract a bit \nG1 E-2 Z0.2 F2400 ;Retract and raise Z \nG1 X5 Y5 F3000 ;Wipe out \nG1 Z10 ;Raise Z more \nG90 ;Absolute positionning \n \nG1 X0 Y220 ;Present print \nM106 S0 ;Turn-off fan \nM104 S0 ;Turn-off hotend \nM140 S0 ;Turn-off bed \n \nM84 X Y E ;Disable all steppers but Z
; machine_load_filament_time = 11
; machine_max_acceleration_e = 5000,5000
; machine_max_acceleration_extruding = 2500,2500
; machine_max_acceleration_retracting = 500,500
; machine_max_acceleration_travel = 2500,2500
; machine_max_acceleration_x = 2500,2500
; machine_max_acceleration_y = 2500,2500
; machine_max_acceleration_z = 500,500
; machine_max_jerk_e = 5,5
; machine_max_jerk_x = 10,10
; machine_max_jerk_y = 10,10
; machine_max_jerk_z = 0.4,0.4
; machine_max_junction_deviation = 0.1,0
; machine_max_speed_e = 40,40
; machine_max_speed_x = 250,250
; machine_max_speed_y = 250,250
; machine_max_speed_z = 5,5
; machine_min_extruding_rate = 0,0
; machine_min_travel_rate = 0,0
; machine_pause_gcode = M25
; machine_start_gcode = M220 S100 ;Reset Feedrate \nM221 S100 ;Reset Flowrate \n \nM104 S[nozzle_temperature_initial_layer] ;Set final nozzle temp \nM190 S[bed_temperature_initial_layer_single] ;Set and wait for bed temp to stabilize \nG28 ;Home \nG92 E0 ;Reset Extruder \nG1 Z2.0 F3000 ;Move Z Axis up \nG1 X-2.1 Y20 Z0.28 F5000.0 ;Move to start position \nM109 S[nozzle_temperature_initial_layer] ;Wait for nozzle temp to stabilize \nG1 X-2.1 Y145.0 Z0.28 F1500.0 E15 ;Draw the first line \nG1 X-2.4 Y145.0 Z0.28 F5000.0 ;Move to side a little \nG1 X-2.4 Y20 Z0.28 F1500.0 E30 ;Draw the second line \nG92 E0  ;Reset Extruder \nG1 E-1.0000 F1800 ;Retract a bit \nG1 Z2.0 F3000 ;Move Z Axis up \nG1 E0.0000 F1800
; machine_tool_change_time = 0
; machine_unload_filament_time = 0
; make_overhang_printable = 0
; make_overhang_printable_angle = 55
; make_overhang_printable_hole_size = 0
; manual_filament_change = 1
; master_extruder_id = 1
; max_bridge_length = 10
; max_layer_height = 0.32
; max_resonance_avoidance_speed = 120
; max_travel_detour_distance = 0
; max_volumetric_extrusion_rate_slope = 0
; max_volumetric_extrusion_rate_slope_segment_length = 3
; min_bead_width = 85%
; min_feature_size = 25%
; min_layer_height = 0.08
; min_length_factor = 0.5
; min_resonance_avoidance_speed = 70
; min_skirt_length = 0
; min_width_top_surface = 300%
; minimum_sparse_infill_area = 10
; mmu_segmented_region_interlocking_depth = 0
; mmu_segmented_region_max_width = 0
; notes = 
; nozzle_diameter = 0.4
; nozzle_flush_dataset = 0
; nozzle_height = 2.5
; nozzle_hrc = 0
; nozzle_temperature = 230
; nozzle_temperature_initial_layer = 230
; nozzle_temperature_range_high = 250
; nozzle_temperature_range_low = 220
; nozzle_type = brass
; nozzle_volume = 0
; nozzle_volume_type = Standard
; only_one_wall_first_layer = 0
; only_one_wall_top = 0
; ooze_prevention = 0
; other_layers_print_sequence = 0
; other_layers_print_sequence_nums = 0
; outer_wall_acceleration = 1000
; outer_wall_filament_id = 0
; outer_wall_flow_ratio = 1
; outer_wall_jerk = 9
; outer_wall_line_width = 0.42
; outer_wall_speed = 40
; overhang_1_4_speed = 0
; overhang_2_4_speed = 20
; overhang_3_4_speed = 15
; overhang_4_4_speed = 10
; overhang_fan_speed = 100
; overhang_fan_threshold = 50%
; overhang_flow_ratio = 1
; overhang_reverse = 0
; overhang_reverse_internal_only = 0
; overhang_reverse_threshold = 50%
; parallel_printheads_bed_exclude_areas = 
; parallel_printheads_count = 1
; parking_pos_retraction = 92
; part_cooling_fan_min_pwm = 0
; pellet_flow_coefficient = 0.4157
; pellet_modded_printer = 0
; physical_extruder_map = 0
; post_process = 
; precise_outer_wall = 1
; precise_z_height = 0
; preferred_orientation = 0
; preheat_steps = 1
; preheat_time = 30
; pressure_advance = 0.02
; prime_tower_brim_width = 3
; prime_tower_enable_framework = 0
; prime_tower_flat_ironing = 0
; prime_tower_infill_gap = 150%
; prime_tower_skip_points = 1
; prime_tower_width = 60
; prime_volume = 45
; print_compatible_printers = "Creality Ender-3 V3 SE 0.4 nozzle"
; print_extruder_id = 1
; print_extruder_variant = "Direct Drive Standard"
; print_flow_ratio = 1
; print_order = default
; print_sequence = by layer
; print_settings_id = 0.20mm Standard _PETG_@Creality Ender3V3SE 0.4 - Copy
; printable_area = 0x0,220x0,220x220,0x220
; printable_height = 250
; printer_agent = 
; printer_extruder_id = 1
; printer_extruder_variant = "Direct Drive Standard"
; printer_model = Creality Ender-3 V3 SE
; printer_notes = 
; printer_settings_id = Creality Ender-3 V3 SE 0.4 nozzle
; printer_structure = i3
; printer_technology = FFF
; printer_variant = 0.4
; printhost_authorization_type = key
; printhost_ssl_ignore_revoke = 0
; printing_by_object_gcode = 
; process_change_extrusion_role_gcode = 
; purge_in_prime_tower = 1
; raft_contact_distance = 0.1
; raft_expansion = 1.5
; raft_first_layer_density = 90%
; raft_first_layer_expansion = 2
; raft_layers = 0
; reduce_crossing_wall = 0
; reduce_fan_stop_start_freq = 1
; reduce_infill_retraction = 1
; relative_bridge_angle = 0
; required_nozzle_HRC = 0
; resolution = 0.012
; resonance_avoidance = 0
; retract_before_wipe = 70%
; retract_length_toolchange = 1
; retract_lift_above = 0
; retract_lift_below = 0
; retract_lift_enforce = All Surfaces
; retract_restart_extra = 0
; retract_restart_extra_toolchange = 0
; retract_when_changing_layer = 1
; retraction_distances_when_cut = 18
; retraction_distances_when_ec = 10
; retraction_length = 1.2
; retraction_minimum_travel = 2
; retraction_speed = 40
; role_based_wipe_speed = 1
; scan_first_layer = 0
; scarf_angle_threshold = 155
; scarf_joint_flow_ratio = 1
; scarf_joint_speed = 100%
; scarf_overhang_threshold = 40%
; seam_gap = 10%
; seam_position = aligned
; seam_slope_conditional = 0
; seam_slope_entire_loop = 0
; seam_slope_inner_walls = 0
; seam_slope_min_length = 20
; seam_slope_start_height = 0
; seam_slope_steps = 10
; seam_slope_type = none
; set_other_flow_ratios = 0
; silent_mode = 0
; single_extruder_multi_material = 1
; single_extruder_multi_material_priming = 0
; single_loop_draft_shield = 0
; skeleton_infill_density = 25%
; skeleton_infill_line_width = 100%
; skin_infill_density = 25%
; skin_infill_depth = 2
; skin_infill_line_width = 100%
; skirt_distance = 2
; skirt_height = 2
; skirt_loops = 0
; skirt_speed = 50
; skirt_start_angle = -135
; skirt_type = combined
; slice_closing_radius = 0.049
; slicing_mode = regular
; slow_down_for_layer_cooling = 1
; slow_down_layer_time = 8
; slow_down_layers = 2
; slow_down_min_speed = 20
; slowdown_for_curled_perimeters = 0
; small_area_infill_flow_compensation = 0
; small_area_infill_flow_compensation_model = 0,0;"\n0.2,0.4444";"\n0.4,0.6145";"\n0.6,0.7059";"\n0.8,0.7619";"\n1.5,0.8571";"\n2,0.8889";"\n3,0.9231";"\n5,0.9520";"\n10,1"
; small_perimeter_speed = 50%
; small_perimeter_threshold = 0
; solid_infill_direction = 45
; solid_infill_rotate_template = 
; sparse_infill_acceleration = 100%
; sparse_infill_density = 15%
; sparse_infill_filament_id = 0
; sparse_infill_flow_ratio = 1
; sparse_infill_line_width = 0.45
; sparse_infill_pattern = crosshatch
; sparse_infill_rotate_template = 
; sparse_infill_speed = 100
; spiral_finishing_flow_ratio = 0
; spiral_mode = 0
; spiral_mode_max_xy_smoothing = 200%
; spiral_mode_smooth = 0
; spiral_starting_flow_ratio = 0
; staggered_inner_seams = 0
; standby_temperature_delta = -5
; start_end_points = 30x-3,54x245
; supertack_plate_temp = 35
; supertack_plate_temp_initial_layer = 35
; support_air_filtration = 0
; support_angle = 0
; support_base_pattern = rectilinear
; support_base_pattern_spacing = 2.5
; support_bottom_interface_spacing = 0.5
; support_bottom_z_distance = 0.2
; support_chamber_temp_control = 0
; support_critical_regions_only = 0
; support_expansion = 0
; support_filament = 0
; support_flow_ratio = 1
; support_interface_bottom_layers = -1
; support_interface_filament = 0
; support_interface_flow_ratio = 1
; support_interface_loop_pattern = 0
; support_interface_not_for_body = 1
; support_interface_pattern = auto
; support_interface_spacing = 0.5
; support_interface_speed = 40
; support_interface_top_layers = 2
; support_ironing = 0
; support_ironing_flow = 10%
; support_ironing_pattern = rectilinear
; support_ironing_spacing = 0.1
; support_line_width = 0.38
; support_material_interface_fan_speed = -1
; support_multi_bed_types = 0
; support_object_first_layer_gap = 0.2
; support_object_skip_flush = 0
; support_object_xy_distance = 0.35
; support_on_build_plate_only = 0
; support_parallel_printheads = 0
; support_remove_small_overhang = 1
; support_speed = 50
; support_style = grid
; support_threshold_angle = 30
; support_threshold_overlap = 50%
; support_top_z_distance = 0.15
; support_type = normal(auto)
; symmetric_infill_y_axis = 0
; temperature_vitrification = 60
; template_custom_gcode = 
; textured_cool_plate_temp = 40
; textured_cool_plate_temp_initial_layer = 40
; textured_plate_temp = 55
; textured_plate_temp_initial_layer = 55
; thick_bridges = 0
; thick_internal_bridges = 1
; thumbnails = 
; thumbnails_format = PNG
; time_cost = 0
; time_lapse_gcode = 
; timelapse_type = 0
; tool_change_on_wipe_tower = 0
; top_bottom_infill_wall_overlap = 25%
; top_shell_layers = 4
; top_shell_thickness = 0.8
; top_solid_infill_flow_ratio = 1
; top_surface_acceleration = 2500
; top_surface_density = 100%
; top_surface_filament_id = 0
; top_surface_jerk = 9
; top_surface_line_width = 0.42
; top_surface_pattern = monotonicline
; top_surface_speed = 30
; travel_acceleration = 2500
; travel_jerk = 12
; travel_slope = 3
; travel_speed = 150
; travel_speed_z = 0
; tree_support_angle_slow = 25
; tree_support_auto_brim = 1
; tree_support_branch_angle = 40
; tree_support_branch_angle_organic = 40
; tree_support_branch_diameter = 5
; tree_support_branch_diameter_angle = 5
; tree_support_branch_diameter_organic = 2
; tree_support_branch_distance = 5
; tree_support_branch_distance_organic = 1
; tree_support_brim_width = 3
; tree_support_tip_diameter = 0.8
; tree_support_top_rate = 30%
; tree_support_wall_count = 2
; upward_compatible_machine = 
; use_3mf = 0
; use_firmware_retraction = 0
; use_relative_e_distances = 1
; volumetric_speed_coefficients = ""
; wall_direction = ccw
; wall_distribution_count = 1
; wall_generator = arachne
; wall_loops = 2
; wall_maximum_deviation = 0.025
; wall_maximum_resolution = 0.5
; wall_sequence = inner wall/outer wall
; wall_transition_angle = 10
; wall_transition_filter_deviation = 25%
; wall_transition_length = 100%
; wipe = 1
; wipe_before_external_loop = 0
; wipe_distance = 1
; wipe_on_loops = 0
; wipe_speed = 80%
; wipe_tower_bridging = 10
; wipe_tower_cone_angle = 30
; wipe_tower_extra_flow = 100%
; wipe_tower_extra_rib_length = 0
; wipe_tower_extra_spacing = 100%
; wipe_tower_filament = 0
; wipe_tower_fillet_wall = 1
; wipe_tower_max_purge_speed = 90
; wipe_tower_no_sparse_layers = 0
; wipe_tower_rib_width = 8
; wipe_tower_rotation_angle = 0
; wipe_tower_type = type2
; wipe_tower_wall_type = rib
; wipe_tower_x = 4.000
; wipe_tower_x = 4
; wipe_tower_y = 191.972
; wipe_tower_y = 191.972
; wiping_volumes_extruders = 70,70,70,70,70,70,70,70,70,70
; wrapping_detection_gcode = 
; wrapping_detection_layers = 20
; wrapping_exclude_area = 
; xy_contour_compensation = 0
; xy_hole_compensation = 0
; z_hop = 0.4
; z_hop_types = Spiral Lift
; z_offset = 0
; zaa_dont_alternate_fill_direction = 0
; zaa_enabled = 0
; zaa_min_z = 0.05
; zaa_minimize_perimeter_height = 35
; first_layer_bed_temperature = 80
; bed_shape = 0x0,220x0,220x220,0x220
; first_layer_temperature = 230
; first_layer_height = 0.200
; CONFIG_BLOCK_END


